Workbook

Sheet Results
A1: Instance | B1: DP | D1: TS | F1: HLA | H1: GRB | J1: PWL-BC | L1: Gaps
B2: Obj | C2: Time (s) | D2: Obj | E2: Time (s) | F2: Obj | G2: Time (s) | H2: Obj | I2: Time (s) | J2: Obj | K2: Time (s) | L2: Obj GRB-DP | M2: Obj GRB-DP (%) | N2: Time GRB-DP (s) | O2: Time GRB-DP (%) | P2: Obj PWL-DP | Q2: Obj PWL-DP (%) | R2: Time PWL-DP (s) | S2: Time PWL-DP (%) | T2: Obj DP-TS | U2: Obj DP-TS (%) | V2: Obj DP-HLA | W2: Obj DP-HLA (%)
A3: RP_ICR_N-100_I-0_R-0.95 | B3: 2804 | C3: 0.026 | D3: 2783 | E3: 0.001 | F3: 2804 | G3: 0.02 | H3: 2804 | I3: 3.27178 | J3: 2804 | K3: 1.895 | L3: =H3-B3 -> 0 | M3: =L3*100/B3 -> 0 | N3: =I3-C3 -> 3.24578 | O3: =N3*100/C3 -> 12483.769 | P3: =J3-B3 -> 0 | Q3: =P3*100/B3 -> 0 | R3: =K3-C3 -> 1.869 | S3: =R3*100/C3 -> 7188.4615 | T3: =B3-D3 -> 21 | U3: =T3*100/B3 -> 0.7489301 | V3: =B3-F3 -> 0 | W3: =V3*100/B3 -> 0
A4: RP_ICR_N-100_I-0_R-0.99 | B4: 2672 | C4: 0.061 | D4: 2641 | E4: 0.001 | F4: 2672 | G4: 0.023 | H4: 2672 | I4: 0.553016 | J4: 2672 | K4: 1.699 | L4: =H4-B4 -> 0 | M4: =L4*100/B4 -> 0 | N4: =I4-C4 -> 0.492016 | O4: =N4*100/C4 -> 806.58361 | P4: =J4-B4 -> 0 | Q4: =P4*100/B4 -> 0 | R4: =K4-C4 -> 1.638 | S4: =R4*100/C4 -> 2685.2459 | T4: =B4-D4 -> 31 | U4: =T4*100/B4 -> 1.1601796 | V4: =B4-F4 -> 0 | W4: =V4*100/B4 -> 0
A5: RP_ICR_N-100_I-10_R-0.95 | B5: 2720 | C5: 0.025 | D5: 2687 | E5: 0.001 | F5: 2720 | G5: 0.02 | H5: 2720 | I5: 2.26607 | J5: 2720 | K5: 2.292 | L5: =H5-B5 -> 0 | M5: =L5*100/B5 -> 0 | N5: =I5-C5 -> 2.24107 | O5: =N5*100/C5 -> 8964.28 | P5: =J5-B5 -> 0 | Q5: =P5*100/B5 -> 0 | R5: =K5-C5 -> 2.267 | S5: =R5*100/C5 -> 9068 | T5: =B5-D5 -> 33 | U5: =T5*100/B5 -> 1.2132353 | V5: =B5-F5 -> 0 | W5: =V5*100/B5 -> 0
A6: RP_ICR_N-100_I-10_R-0.99 | B6: 2587 | C6: 0.041 | D6: 2534 | E6: 0.001 | F6: 2587 | G6: 0.022 | H6: 2587 | I6: 0.951694 | J6: 2587 | K6: 1.666 | L6: =H6-B6 -> 0 | M6: =L6*100/B6 -> 0 | N6: =I6-C6 -> 0.910694 | O6: =N6*100/C6 -> 2221.2049 | P6: =J6-B6 -> 0 | Q6: =P6*100/B6 -> 0 | R6: =K6-C6 -> 1.625 | S6: =R6*100/C6 -> 3963.4146 | T6: =B6-D6 -> 53 | U6: =T6*100/B6 -> 2.0487051 | V6: =B6-F6 -> 0 | W6: =V6*100/B6 -> 0
A7: RP_ICR_N-100_I-11_R-0.95 | B7: 2651 | C7: 0.027 | D7: 2634 | E7: 0.001 | F7: 2651 | G7: 0.021 | H7: 2651 | I7: 2.2842 | J7: 2651 | K7: 1.591 | L7: =H7-B7 -> 0 | M7: =L7*100/B7 -> 0 | N7: =I7-C7 -> 2.2572 | O7: =N7*100/C7 -> 8360 | P7: =J7-B7 -> 0 | Q7: =P7*100/B7 -> 0 | R7: =K7-C7 -> 1.564 | S7: =R7*100/C7 -> 5792.5926 | T7: =B7-D7 -> 17 | U7: =T7*100/B7 -> 0.64126745 | V7: =B7-F7 -> 0 | W7: =V7*100/B7 -> 0
A8: RP_ICR_N-100_I-11_R-0.99 | B8: 2520 | C8: 0.07 | D8: 2494 | E8: 0.001 | F8: 2520 | G8: 0.024 | H8: 2520 | I8: 0.744371 | J8: 2520 | K8: 1.875 | L8: =H8-B8 -> 0 | M8: =L8*100/B8 -> 0 | N8: =I8-C8 -> 0.674371 | O8: =N8*100/C8 -> 963.38714 | P8: =J8-B8 -> 0 | Q8: =P8*100/B8 -> 0 | R8: =K8-C8 -> 1.805 | S8: =R8*100/C8 -> 2578.5714 | T8: =B8-D8 -> 26 | U8: =T8*100/B8 -> 1.031746 | V8: =B8-F8 -> 0 | W8: =V8*100/B8 -> 0
A9: RP_ICR_N-100_I-12_R-0.95 | B9: 2509 | C9: 0.024 | D9: 2458 | E9: 0.001 | F9: 2509 | G9: 0.019 | H9: 2509 | I9: 0.328487 | J9: 2509 | K9: 1.275 | L9: =H9-B9 -> 0 | M9: =L9*100/B9 -> 0 | N9: =I9-C9 -> 0.304487 | O9: =N9*100/C9 -> 1268.6958 | P9: =J9-B9 -> 0 | Q9: =P9*100/B9 -> 0 | R9: =K9-C9 -> 1.251 | S9: =R9*100/C9 -> 5212.5 | T9: =B9-D9 -> 51 | U9: =T9*100/B9 -> 2.0326823 | V9: =B9-F9 -> 0 | W9: =V9*100/B9 -> 0
A10: RP_ICR_N-100_I-12_R-0.99 | B10: 2373 | C10: 0.042 | D10: 2313 | E10: 0.001 | F10: 2373 | G10: 0.021 | H10: 2373 | I10: 0.664171 | J10: 2373 | K10: 1.344 | L10: =H10-B10 -> 0 | M10: =L10*100/B10 -> 0 | N10: =I10-C10 -> 0.622171 | O10: =N10*100/C10 -> 1481.3595 | P10: =J10-B10 -> 0 | Q10: =P10*100/B10 -> 0 | R10: =K10-C10 -> 1.302 | S10: =R10*100/C10 -> 3100 | T10: =B10-D10 -> 60 | U10: =T10*100/B10 -> 2.528445 | V10: =B10-F10 -> 0 | W10: =V10*100/B10 -> 0
A11: RP_ICR_N-100_I-13_R-0.95 | B11: 2451 | C11: 0.021 | D11: 2412 | E11: 0.001 | F11: 2451 | G11: 0.018 | H11: 2451 | I11: 0.504831 | J11: 2451 | K11: 1.626 | L11: =H11-B11 -> 0 | M11: =L11*100/B11 -> 0 | N11: =I11-C11 -> 0.483831 | O11: =N11*100/C11 -> 2303.9571 | P11: =J11-B11 -> 0 | Q11: =P11*100/B11 -> 0 | R11: =K11-C11 -> 1.605 | S11: =R11*100/C11 -> 7642.8571 | T11: =B11-D11 -> 39 | U11: =T11*100/B11 -> 1.5911873 | V11: =B11-F11 -> 0 | W11: =V11*100/B11 -> 0
A12: RP_ICR_N-100_I-13_R-0.99 | B12: 2314 | C12: 0.031 | D12: 2314 | E12: 0.001 | F12: 2314 | G12: 0.02 | H12: 2314 | I12: 0.686314 | J12: 2314 | K12: 1.581 | L12: =H12-B12 -> 0 | M12: =L12*100/B12 -> 0 | N12: =I12-C12 -> 0.655314 | O12: =N12*100/C12 -> 2113.9161 | P12: =J12-B12 -> 0 | Q12: =P12*100/B12 -> 0 | R12: =K12-C12 -> 1.55 | S12: =R12*100/C12 -> 5000 | T12: =B12-D12 -> 0 | U12: =T12*100/B12 -> 0 | V12: =B12-F12 -> 0 | W12: =V12*100/B12 -> 0
A13: RP_ICR_N-100_I-14_R-0.95 | B13: 2635 | C13: 0.027 | D13: 2589 | E13: 0.001 | F13: 2635 | G13: 0.018 | H13: 2635 | I13: 0.519342 | J13: 2635 | K13: 1.609 | L13: =H13-B13 -> 0 | M13: =L13*100/B13 -> 0 | N13: =I13-C13 -> 0.492342 | O13: =N13*100/C13 -> 1823.4889 | P13: =J13-B13 -> 0 | Q13: =P13*100/B13 -> 0 | R13: =K13-C13 -> 1.582 | S13: =R13*100/C13 -> 5859.2593 | T13: =B13-D13 -> 46 | U13: =T13*100/B13 -> 1.7457305 | V13: =B13-F13 -> 0 | W13: =V13*100/B13 -> 0
A14: RP_ICR_N-100_I-14_R-0.99 | B14: 2496 | C14: 0.056 | D14: 2440 | E14: 0.001 | F14: 2496 | G14: 0.022 | H14: 2496 | I14: 0.534985 | J14: 2496 | K14: 1.308 | L14: =H14-B14 -> 0 | M14: =L14*100/B14 -> 0 | N14: =I14-C14 -> 0.478985 | O14: =N14*100/C14 -> 855.33036 | P14: =J14-B14 -> 0 | Q14: =P14*100/B14 -> 0 | R14: =K14-C14 -> 1.252 | S14: =R14*100/C14 -> 2235.7143 | T14: =B14-D14 -> 56 | U14: =T14*100/B14 -> 2.2435897 | V14: =B14-F14 -> 0 | W14: =V14*100/B14 -> 0
... A3602: RP_SS_N-900_I-9_R-0.99 | B3602: 21726 | C3602: 46.546 | D3602: 21628 | E3602: 0.18 | F3602: 21726 | G3602: 6.275 | H3602: 21726 | I3602: 2.04766 | J3602: 21724 | K3602: 2.469 | L3602: =H3602-B3602 -> 0 | M3602: =L3602*100/B3602 -> 0 | N3602: =I3602-C3602 -> -44.49834 | O3602: =N3602*100/C3602 -> -95.600782 | P3602: =J3602-B3602 -> -2 | Q3602: =P3602*100/B3602 -> -0.0092055602 | R3602: =K3602-C3602 -> -44.077 | S3602: =R3602*100/C3602 -> -94.69557 | T3602: =B3602-D3602 -> 98 | U3602: =T3602*100/B3602 -> 0.45107245 | V3602: =B3602-F3602 -> 0 | W3602: =V3602*100/B3602 -> 0
A3603: AVG | B3603: =AVERAGE(B3:B3602) -> 13118.476 | C3603: =AVERAGE(C3:C3602) -> 8.7434475 | D3603: =AVERAGE(D3:D3602) -> 13017.45 | E3603: =AVERAGE(E3:E3602) -> 0.031635556 | F3603: =AVERAGE(F3:F3602) -> 13112.794 | G3603: =AVERAGE(G3:G3602) -> 1.1408925 | H3603: =AVERAGE(H3:H3602) -> 13057.99 | I3603: =AVERAGE(I3:I3602) -> 70.513164 | J3603: 12576.329 | K3603: 244.44347 | L3603: =AVERAGE(L3:L3602) -> -60.485278 | M3603: =AVERAGE(M3:M3602) -> -0.25001984 | N3603: =AVERAGE(N3:N3602) -> 61.769716 | O3603: =AVERAGE(O3:O3602) -> 3935.3574 | P3603: =AVERAGE(P3:P3602) -> -542.17139 | Q3603: =AVERAGE(Q3:Q3602) -> -2.5286937 | R3603: =AVERAGE(R3:R3602) -> 235.70065 | S3603: =AVERAGE(S3:S3602) -> 36113.105 | T3603: =B3603-D3603 -> 101.02556 | U3603: =AVERAGE(U3:U3602) -> 0.92300413 | V3603: =AVERAGE(V3:V3602) -> 5.6813889 | W3603: =AVERAGE(W3:W3602) -> 0.0439101

Sheet Stats
A1: FILENAME | B1: n | C1: q | D1: CLASS | E1: PEARSON CORR. COEFF. p, a | F1: PEARSON CORR. COEFF. b, a | G1: AVG RATIO b_i/a_i | H1: AVG RATIO sigma_i/a_i | I1: PERCENTAGE MEANINGFUL ITEMS
A2: RP_ICR_N-100_I-0_R-0.95 | B2: 100 | C2: 3192 | D2: ICR | E2: 0.99783549 | F2: -0.87286839 | G2: 1.3045046 | H2: 0.16406005 | I2: 91
A3: RP_ICR_N-100_I-0_R-0.99 | B3: 100 | C3: 3192 | D3: ICR | E3: 0.99783549 | F3: -0.87286839 | G3: 1.3045046 | H3: 0.16406005 | I3: 91
A4: RP_ICR_N-100_I-10_R-0.95 | B4: 100 | C4: 3126 | D4: ICR | E4: 0.99883008 | F4: -0.90870625 | G4: 1.3716847 | H4: 0.16992937 | I4: 85
A5: RP_ICR_N-100_I-10_R-0.99 | B5: 100 | C5: 3126 | D5: ICR | E5: 0.99883008 | F5: -0.90870625 | G5: 1.3716847 | H5: 0.16992937 | I5: 85
A6: RP_ICR_N-100_I-11_R-0.95 | B6: 100 | C6: 3032 | D6: ICR | E6: 0.99779135 | F6: -0.89357438 | G6: 1.5271365 | H6: 0.18604888 | I6: 84
A7: RP_ICR_N-100_I-11_R-0.99 | B7: 100 | C7: 3032 | D7: ICR | E7: 0.99779135 | F7: -0.89357438 | G7: 1.5271365 | H7: 0.18604888 | I7: 84
A8: RP_ICR_N-100_I-12_R-0.95 | B8: 100 | C8: 2915 | D8: ICR | E8: 0.99833077 | F8: -0.90143751 | G8: 1.4448547 | H8: 0.17840933 | I8: 84
A9: RP_ICR_N-100_I-12_R-0.99 | B9: 100 | C9: 2915 | D9: ICR | E9: 0.99833077 | F9: -0.90143751 | G9: 1.4448547 | H9: 0.17840933 | I9: 84
A10: RP_ICR_N-100_I-13_R-0.95 | B10: 100 | C10: 2854 | D10: ICR | E10: 0.99875885 | F10: -0.90291858 | G10: 1.6133045 | H10: 0.19613402 | I10: 84
A11: RP_ICR_N-100_I-13_R-0.99 | B11: 100 | C11: 2854 | D11: ICR | E11: 0.99875885 | F11: -0.90291858 | G11: 1.6133045 | H11: 0.19613402 | I11: 84
A12: RP_ICR_N-100_I-14_R-0.95 | B12: 100 | C12: 3037 | D12: ICR | E12: 0.99890549 | F12: -0.89252742 | G12: 1.5634613 | H12: 0.19018873 | I12: 82
A13: RP_ICR_N-100_I-14_R-0.99 | B13: 100 | C13: 3037 | D13: ICR | E13: 0.99890549 | F13: -0.89252742 | G13: 1.5634613 | H13: 0.19018873 | I13: 82
... A3601: RP_SS_N-900_I-9_R-0.99 | B3601: 900 | C3601: 22726 | D3601: SS | E3601: 1 | F3601: 0.96777627 | G3601: 0.50502222 | H3601: 0.1 | I3601: 100

Sheet ParameterTuning-Summary
A1: theta x version | B1: def | C1: maskHLA | D1: maskTS | G1: theta x version | H1: def | I1: maskHLA | J1: maskTS
A2: 0 | B2: ='theta=0'!B191 -> 315.90243 | C2: ='theta=0'!C191 -> 334.37425 | D2: ='theta=0'!D191 -> 316.15073 | G2: 0 | H2: ='theta=0'!B188 -> 11.6085 | I2: ='theta=0'!C188 -> 15.006 | J2: ='theta=0'!D188 -> 12.2325
A3: 1 | B3: ='theta=1'!B191 -> 232.17114 | C3: ='theta=1'!C191 -> 234.24214 | D3: ='theta=1'!D191 -> 232.2997 | G3: 1 | H3: ='theta=1'!B188 -> 4.486 | I3: ='theta=1'!C188 -> 4.9865 | J3: ='theta=1'!D188 -> 4.55
A4: 3 | B4: ='theta=3'!B191 -> 124.41702 | C4: ='theta=3'!C191 -> 105.28082 | D4: ='theta=3'!D191 -> 124.49681 | G4: 3 | H4: ='theta=3'!B188 -> 1.953 | I4: ='theta=3'!C188 -> 2.047 | J4: ='theta=3'!D188 -> 2.1755
A5: 6 | B5: ='theta=6'!B191 -> 44.963439 | C5: ='theta=6'!C191 -> 46.139428 | D5: ='theta=6'!D191 -> 44.300178 | G5: 6 | H5: ='theta=6'!B188 -> 1.357 | I5: ='theta=6'!C188 -> 1.1115 | J5: ='theta=6'!D188 -> 1.7545
A6: 10 | B6: ='theta=10'!B191 -> 22.041561 | C6: ='theta=10'!C191 -> 21.749778 | D6: ='theta=10'!D191 -> 21.92845 | G6: 10 | H6: ='theta=10'!B188 -> 1.333 | I6: ='theta=10'!C188 -> 0.9265 | J6: ='theta=10'!D188 -> 1.5445
A7: 15 | B7: ='theta=15'!B191 -> 13.512361 | C7: ='theta=15'!C191 -> 12.850394 | D7: ='theta=15'!D191 -> 13.493294 | G7: 15 | H7: ='theta=15'!B188 -> 1.302 | I7: ='theta=15'!C188 -> 0.879 | J7: ='theta=15'!D188 -> 1.609
A8: 20 | B8: ='theta=20'!B191 -> 10.5309 | C8: ='theta=20'!C191 -> 9.7795444 | D8: ='theta=20'!D191 -> 10.651189 | G8: 20 | H8: ='theta=20'!B188 -> 1.3725 | I8: ='theta=20'!C188 -> 0.9205 | J8: ='theta=20'!D188 -> 1.745
A9: 25 | B9: ='theta=25'!B191 -> 9.6008444 | C9: ='theta=25'!C191 -> 8.7319833 | D9: ='theta=25'!D191 -> 9.80945 | G9: 25 | H9: ='theta=25'!B188 -> 1.4945 | I9: ='theta=25'!C188 -> 0.9345 | J9: ='theta=25'!D188 -> 1.8225
A10: 30 | B10: ='theta=30'!B191 -> 9.2121444 | C10: ='theta=30'!C191 -> 8.0945611 | D10: ='theta=30'!D191 -> 9.3717278 | G10: 30 | H10: ='theta=30'!B188 -> 1.538 | I10: ='theta=30'!C188 -> 0.9655 | J10: ='theta=30'!D188 -> 1.866
A11: 35 | B11: ='theta=35'!B191 -> 9.20195 | C11: ='theta=35'!C191 -> 8.23875 | D11: ='theta=35'!D191 -> 9.5671222 | G11: 35 | H11: ='theta=35'!B188 -> 1.579 | I11: ='theta=35'!C188 -> 0.992 | J11: ='theta=35'!D188 -> 1.825
A12: inf | B12: ='theta=inf'!B191 -> 325.97931 | C12: ='theta=inf'!C191 -> 210.11692 | D12: ='theta=inf'!D191 -> 352.72911 | G12: inf | H12: ='theta=inf'!B188 -> 78.1335 | I12: ='theta=inf'!C188 -> 48.392 | J12: ='theta=inf'!D188 -> 79.3555
B13: ='theta=35'!B193 | C13: ='theta=35'!C193 | D13: ='theta=35'!D193
A15: theta x version | B15: def | C15: maskHLA | D15: maskTS | G15: theta x version | H15: def | I15: maskHLA | J15: maskTS
A16: 0 | B16: ='theta=0'!M200 -> 80772964 | C16: ='theta=0'!N200 -> 90587271 | D16: ='theta=0'!O200 -> 80772964 | G16: 0 | H16: =B16/min(Avg._Nondom._Labels[[def]:[maskTS]]) -> 15.746462 | I16: =C16/min(Avg._Nondom._Labels[[def]:[maskTS]]) -> 17.659734 | J16: =D16/min(Avg._Nondom._Labels[[def]:[maskTS]]) -> 15.746462
A17: 1 | B17: ='theta=1'!M200 -> 27329839 | C17: ='theta=1'!N200 -> 29973586 | D17: ='theta=1'!O200 -> 27329839 | G17: 1 | H17: =B17/min(Avg._Nondom._Labels[[def]:[maskTS]]) -> 5.3278754 | I17: =C17/min(Avg._Nondom._Labels[[def]:[maskTS]]) -> 5.8432664 | J17: =D17/min(Avg._Nondom._Labels[[def]:[maskTS]]) -> 5.3278754
A18: 3 | B18: ='theta=3'!M200 -> 20966920 | C18: ='theta=3'!N200 -> 22491897 | D18: ='theta=3'!O200 -> 20966920 | G18: 3 | H18: =B18/min(Avg._Nondom._Labels[[def]:[maskTS]]) -> 4.0874421 | I18: =C18/min(Avg._Nondom._Labels[[def]:[maskTS]]) -> 4.3847321 | J18: =D18/min(Avg._Nondom._Labels[[def]:[maskTS]]) -> 4.0874421
A19: 6 | B19: ='theta=6'!M200 -> 21616618 | C19: ='theta=6'!N200 -> 23115713 | D19: ='theta=6'!O200 -> 21616618 | G19: 6 | H19: =B19/min(Avg._Nondom._Labels[[def]:[maskTS]]) -> 4.2140989 | I19: =C19/min(Avg._Nondom._Labels[[def]:[maskTS]]) -> 4.5063433 | J19: =D19/min(Avg._Nondom._Labels[[def]:[maskTS]]) -> 4.2140989
A20: 10 | B20: ='theta=10'!M200 -> 13533454 | C20: ='theta=10'!N200 -> 14426225 | D20: ='theta=10'!O200 -> 13533454 | G20: 10 | H20: =B20/min(Avg._Nondom._Labels[[def]:[maskTS]]) -> 2.6383089 | I20: =C20/min(Avg._Nondom._Labels[[def]:[maskTS]]) -> 2.812352 | J20: =D20/min(Avg._Nondom._Labels[[def]:[maskTS]]) -> 2.6383089
A21: 15 | B21: ='theta=15'!M200 -> 9730275.7 | C21: ='theta=15'!N200 -> 10327781 | D21: ='theta=15'!O200 -> 9730275.7 | G21: 15 | H21: =B21/min(Avg._Nondom._Labels[[def]:[maskTS]]) -> 1.8968899 | I21: =C21/min(Avg._Nondom._Labels[[def]:[maskTS]]) -> 2.0133719 | J21: =D21/min(Avg._Nondom._Labels[[def]:[maskTS]]) -> 1.8968899
A22: 20 | B22: ='theta=20'!M200 -> 7913080.1 | C22: ='theta=20'!N200 -> 8388336.7 | D22: ='theta=20'!O200 -> 7913080.1 | G22: 20 | H22: =B22/min(Avg._Nondom._Labels[[def]:[maskTS]]) -> 1.5426327 | I22: =C22/min(Avg._Nondom._Labels[[def]:[maskTS]]) -> 1.6352827 | J22: =D22/min(Avg._Nondom._Labels[[def]:[maskTS]]) -> 1.5426327
A23: 25 | B23: ='theta=25'!M200 -> 7129186.6 | C23: ='theta=25'!N200 -> 7559166.5 | D23: ='theta=25'!O200 -> 7129186.6 | G23: 25 | H23: =B23/min(Avg._Nondom._Labels[[def]:[maskTS]]) -> 1.3898149 | I23: =C23/min(Avg._Nondom._Labels[[def]:[maskTS]]) -> 1.4736383 | J23: =D23/min(Avg._Nondom._Labels[[def]:[maskTS]]) -> 1.3898149
A24: 30 | B24: ='theta=30'!M200 -> 6498350.1 | C24: ='theta=30'!N200 -> 6910647.5 | D24: ='theta=30'!O200 -> 6498350.1 | G24: 30 | H24: =B24/min(Avg._Nondom._Labels[[def]:[maskTS]]) -> 1.2668351 | I24: =C24/min(Avg._Nondom._Labels[[def]:[maskTS]]) -> 1.3472113 | J24: =D24/min(Avg._Nondom._Labels[[def]:[maskTS]]) -> 1.2668351
A25: 35 | B25: ='theta=35'!M200 -> 5942521.1 | C25: ='theta=35'!N200 -> 6358501.2 | D25: ='theta=35'!O200 -> 5942521.1 | G25: 35 | H25: =B25/min(Avg._Nondom._Labels[[def]:[maskTS]]) -> 1.1584778 | I25: =C25/min(Avg._Nondom._Labels[[def]:[maskTS]]) -> 1.2395719 | J25: =D25/min(Avg._Nondom._Labels[[def]:[maskTS]]) -> 1.1584778
A26: inf | B26: ='theta=inf'!M200 -> 5129594.3 | C26: ='theta=inf'!N200 -> 5427682.4 | D26: ='theta=inf'!O200 -> 5129594.3 | G26: inf | H26: =B26/min(Avg._Nondom._Labels[[def]:[maskTS]]) -> 1 | I26: =C26/min(Avg._Nondom._Labels[[def]:[maskTS]]) -> 1.0581114 | J26: =D26/min(Avg._Nondom._Labels[[def]:[maskTS]]) -> 1

Sheet theta=0
A1: Filename | B1: 1-def | O1: 3-maskHLA | AB1: 4-maskTS
B2: My_Obj_Val | C2: My_Time_s | D2: My_TS_Val | E2: my_TSTime | F2: My_HLA_Val | G2: my_fracKPTime | H2: My_HLATime | I2: My_exactTime | J2: my_labelNum | K2: my_nonlabelNum | L2: my_CBfathomedlabelNum | M2: my_dominatedlabelNum | N2: non_dominated | O2: My_Obj_Val | P2: My_Time_s | Q2: My_TS_Val | R2: my_TSTime | S2: My_HLA_Val | T2: my_fracKPTime | U2: My_HLATime | V2: My_exactTime | W2: my_labelNum | X2: my_nonlabelNum | Y2: my_CBfathomedlabelNum | Z2: my_dominatedlabelNum | AA2: non-dominated | AB2: My_Obj_Val | AC2: My_Time_s | AD2: My_TS_Val | AE2: my_TSTime | AF2: My_HLA_Val | AG2: my_fracKPTime | AH2: My_HLATime | AI2: My_exactTime | AJ2: my_labelNum | AK2: my_nonlabelNum | AL2: my_CBfathomedlabelNum | AM2: my_dominatedlabelNum | AN2: non-dominated
A3: RP_ICR_N-100_I-0_R-0.95 | B3: 2804 | C3: 0.085 | D3: 2783 | E3: 0.001 | F3: 2804 | G3: 0.002 | H3: 0.02 | I3: 0.055 | J3: 327017 | K3: 2 | L3: 36306 | M3: 133407 | N3: =J3-(L3+M3) -> 157304 | O3: 2804 | P3: 0.118 | Q3: 2783 | R3: 0.001 | S3: 0 | T3: 0.002 | U3: 0 | V3: 0.108 | W3: 554002 | X3: 2 | Y3: 48049 | Z3: 242916 | AA3: =W3-(Y3+Z3) -> 263037 | AB3: 2804 | AC3: 0.09 | AD3: 0 | AE3: 0 | AF3: 2804 | AG3: 0.002 | AH3: 0.027 | AI3: 0.055 | AJ3: 327017 | AK3: 2 | AL3: 36306 | AM3: 133407 | AN3: =AJ3-(AL3+AM3) -> 157304
A4: RP_ICR_N-100_I-0_R-0.99 | B4: 2672 | C4: 0.565 | D4: 2641 | E4: 0.001 | F4: 2672 | G4: 0.002 | H4: 0.036 | I4: 0.519 | J4: 1785091 | K4: 2 | L4: 212694 | M4: 724178 | N4: =J4-(L4+M4) -> 848219 | O4: 2672 | P4: 0.712 | Q4: 2641 | R4: 0.001 | S4: 0 | T4: 0.002 | U4: 0 | V4: 0.703 | W4: 2219857 | X4: 2 | Y4: 215082 | Z4: 951247 | AA4: =W4-(Y4+Z4) -> 1053528 | AB4: 2672 | AC4: 0.563 | AD4: 0 | AE4: 0 | AF4: 2672 | AG4: 0.002 | AH4: 0.036 | AI4: 0.519 | AJ4: 1785091 | AK4: 2 | AL4: 212694 | AM4: 724178 | AN4: =AJ4-(AL4+AM4) -> 848219
A5: RP_ICR_N-100_I-1_R-0.95 | B5: 2767 | C5: 0.103 | D5: 2759 | E5: 0.001 | F5: 2767 | G5: 0.002 | H5: 0.018 | I5: 0.076 | J5: 402325 | K5: 2 | L5: 43522 | M5: 168983 | N5: =J5-(L5+M5) -> 189820 | O5: 2767 | P5: 0.122 | Q5: 2759 | R5: 0.001 | S5: 0 | T5: 0.002 | U5: 0 | V5: 0.113 | W5: 545186 | X5: 2 | Y5: 49218 | Z5: 239705 | AA5: =W5-(Y5+Z5) -> 256263 | AB5: 2767 | AC5: 0.106 | AD5: 0 | AE5: 0 | AF5: 2767 | AG5: 0.002 | AH5: 0.023 | AI5: 0.076 | AJ5: 402325 | AK5: 2 | AL5: 43522 | AM5: 168983 | AN5: =AJ5-(AL5+AM5) -> 189820
A6: RP_ICR_N-100_I-1_R-0.99 | B6: 2633 | C6: 0.909 | D6: 2598 | E6: 0.001 | F6: 2633 | G6: 0.002 | H6: 0.039 | I6: 0.861 | J6: 2433476 | K6: 2 | L6: 249658 | M6: 1025564 | N6: =J6-(L6+M6) -> 1158254 | O6: 2633 | P6: 1.244 | Q6: 2598 | R6: 0.001 | S6: 0 | T6: 0.002 | U6: 0 | V6: 1.236 | W6: 3032405 | X6: 2 | Y6: 258090 | Z6: 1336451 | AA6: =W6-(Y6+Z6) -> 1437864 | AB6: 2633 | AC6: 0.909 | AD6: 0 | AE6: 0 | AF6: 2633 | AG6: 0.002 | AH6: 0.039 | AI6: 0.862 | AJ6: 2433476 | AK6: 2 | AL6: 249658 | AM6: 1025564 | AN6: =AJ6-(AL6+AM6) -> 1158254
A7: RP_ICR_N-100_I-2_R-0.95 | B7: 2778 | C7: 0.102 | D7: 2722 | E7: 0.001 | F7: 2778 | G7: 0.002 | H7: 0.025 | I7: 0.069 | J7: 371323 | K7: 3 | L7: 48870 | M7: 149245 | N7: =J7-(L7+M7) -> 173208 | O7: 2778 | P7: 0.284 | Q7: 2722 | R7: 0.001 | S7: 0 | T7: 0.002 | U7: 0 | V7: 0.275 | W7: 978119 | X7: 3 | Y7: 79472 | Z7: 444542 | AA7: =W7-(Y7+Z7) -> 454105 | AB7: 2778 | AC7: 0.105 | AD7: 0 | AE7: 0 | AF7: 2778 | AG7: 0.002 | AH7: 0.028 | AI7: 0.069 | AJ7: 371323 | AK7: 3 | AL7: 48870 | AM7: 149245 | AN7: =AJ7-(AL7+AM7) -> 173208
A8: RP_ICR_N-100_I-2_R-0.99 | B8: 2638 | C8: 1.14 | D8: 2631 | E8: 0.001 | F8: 2638 | G8: 0.002 | H8: 0.044 | I8: 1.085 | J8: 2996151 | K8: 2 | L8: 296297 | M8: 1263555 | N8: =J8-(L8+M8) -> 1436299 | O8: 2638 | P8: 1.16 | Q8: 2631 | R8: 0.001 | S8: 0 | T8: 0.002 | U8: 0 | V8: 1.15 | W8: 3142305 | X8: 2 | Y8: 297803 | Z8: 1340051 | AA8: =W8-(Y8+Z8) -> 1504451 | AB8: 2638 | AC8: 1.14 | AD8: 0 | AE8: 0 | AF8: 2638 | AG8: 0.002 | AH8: 0.045 | AI8: 1.087 | AJ8: 2996151 | AK8: 2 | AL8: 296297 | AM8: 1263555 | AN8: =AJ8-(AL8+AM8) -> 1436299
A9: RP_ICR_N-100_I-3_R-0.95 | B9: 2428 | C9: 0.091 | D9: 2427 | E9: 0.001 | F9: 2428 | G9: 0.002 | H9: 0.016 | I9: 0.066 | J9: 368999 | K9: 2 | L9: 38255 | M9: 160054 | N9: =J9-(L9+M9) -> 170690 | O9: 2428 | P9: 0.078 | Q9: 2427 | R9: 0.001 | S9: 0 | T9: 0.002 | U9: 0 | V9: 0.069 | W9: 385814 | X9: 2 | Y9: 38885 | Z9: 168363 | AA9: =W9-(Y9+Z9) -> 178566 | AB9: 2428 | AC9: 0.096 | AD9: 0 | AE9: 0 | AF9: 2428 | AG9: 0.002 | AH9: 0.023 | AI9: 0.066 | AJ9: 368999 | AK9: 2 | AL9: 38255 | AM9: 160054 | AN9: =AJ9-(AL9+AM9) -> 170690
A10: RP_ICR_N-100_I-3_R-0.99 | B10: 2287 | C10: 0.816 | D10: 2245 | E10: 0.001 | F10: 2287 | G10: 0.002 | H10: 0.037 | I10: 0.77 | J10: 2378287 | K10: 2 | L10: 201900 | M10: 1036366 | N10: =J10-(L10+M10) -> 1140021 | O10: 2287 | P10: 0.836 | Q10: 2245 | R10: 0.001 | S10: 0 | T10: 0.002 | U10: 0 | V10: 0.828 | W10: 2534658 | X10: 2 | Y10: 202028 | Z10: 1120752 | AA10: =W10-(Y10+Z10) -> 1211878 | AB10: 2287 | AC10: 0.815 | AD10: 0 | AE10: 0 | AF10: 2287 | AG10: 0.002 | AH10: 0.037 | AI10: 0.77 | AJ10: 2378287 | AK10: 2 | AL10: 201900 | AM10: 1036366 | AN10: =AJ10-(AL10+AM10) -> 1140021
A11: RP_ICR_N-100_I-4_R-0.95 | B11: 2557 | C11: 0.098 | D11: 2513 | E11: 0.001 | F11: 2557 | G11: 0.002 | H11: 0.019 | I11: 0.07 | J11: 369315 | K11: 2 | L11: 36205 | M11: 163055 | N11: =J11-(L11+M11) -> 170055 | O11: 2557 | P11: 0.229 | Q11: 2513 | R11: 0.001 | S11: 0 | T11: 0.002 | U11: 0 | V11: 0.221 | W11: 879531 | X11: 2 | Y11: 58073 | Z11: 410940 | AA11: =W11-(Y11+Z11) -> 410518 | AB11: 2557 | AC11: 0.1 | AD11: 0 | AE11: 0 | AF11: 2557 | AG11: 0.002 | AH11: 0.021 | AI11: 0.07 | AJ11: 369315 | AK11: 2 | AL11: 36205 | AM11: 163055 | AN11: =AJ11-(AL11+AM11) -> 170055
A12: RP_ICR_N-100_I-4_R-0.99 | B12: 2422 | C12: 0.837 | D12: 2366 | E12: 0.001 | F12: 2422 | G12: 0.002 | H12: 0.034 | I12: 0.792 | J12: 2365951 | K12: 2 | L12: 226574 | M12: 1008339 | N12: =J12-(L12+M12) -> 1131038 | O12: 2422 | P12: 1.013 | Q12: 2366 | R12: 0.001 | S12: 0 | T12: 0.002 | U12: 0 | V12: 1.004 | W12: 2744333 | X12: 2 | Y12: 230182 | Z12: 1209075 | AA12: =W12-(Y12+Z12) -> 1305076 | AB12: 2422 | AC12: 0.832 | AD12: 0 | AE12: 0 | AF12: 2422 | AG12: 0.002 | AH12: 0.034 | AI12: 0.79 | AJ12: 2365951 | AK12: 2 | AL12: 226574 | AM12: 1008339 | AN12: =AJ12-(AL12+AM12) -> 1131038
A13: RP_ICR_N-400_I-0_R-0.95 | B13: 10493 | C13: 2.435 | D13: 10488 | E13: 0.013 | F13: 10493 | G13: 0.038 | H13: 0.196 | I13: 2.18 | J13: 8130383 | K13: 2 | L13: 182555 | M13: 4009398 | N13: =J13-(L13+M13) -> 3938430 | O13: 10493 | P13: 2.514 | Q13: 10488 | R13: 0.013 | S13: 0 | T13: 0.038 | U13: 0 | V13: 2.458 | W13: 9072627 | X13: 2 | Y13: 194273 | Z13: 4478000 | AA13: =W13-(Y13+Z13) -> 4400354 | AB13: 10493 | AC13: 2.871 | AD13: 0 | AE13: 0 | AF13: 10493 | AG13: 0.038 | AH13: 0.624 | AI13: 2.202 | AJ13: 8130383 | AK13: 2 | AL13: 182555 | AM13: 4009398 | AN13: =AJ13-(AL13+AM13) -> 3938430
A14: RP_ICR_N-400_I-0_R-0.99 | B14: 10198 | C14: 49.399 | D14: 10149 | E14: 0.013 | F14: 10198 | G14: 0.038 | H14: 0.572 | I14: 48.768 | J14: 79571576 | K14: 2 | L14: 1761582 | M14: 38615858 | N14: =J14-(L14+M14) -> 39194136 | O14: 10198 | P14: 70.817 | Q14: 10149 | R14: 0.013 | S14: 0 | T14: 0.038 | U14: 0 | V14: 70.761 | W14: 101498403 | X14: 2 | Y14: 1924948 | Z14: 49562518 | AA14: =W14-(Y14+Z14) -> 50010937 | AB14: 10198 | AC14: 48.917 | AD14: 0 | AE14: 0 | AF14: 10198 | AG14: 0.038 | AH14: 0.721 | AI14: 48.153 | AJ14: 79571576 | AK14: 2 | AL14: 1761582 | AM14: 38615858 | AN14: =AJ14-(AL14+AM14) -> 39194136
... A115: RP_SCU_N-900_I-1_R-0.95 | B115: 27793 | C115: 191.962 | D115: 27351 | E115: 0.131 | F115: 27791 | G115: 0.171 | H115: 16.19 | I115: 175.464 | J115: 422737884 | K115: 374 | L115: 811447 | M115: 211447457 | N115: =J115-(L115+M115) -> 210478980 | O115: 27793 | P115: 309.473 | Q115: 27351 | R115: 0.131 | S115: 0 | T115: 0.171 | U115: 0 | V115: 309.164 | W115: 593610267 | X115: 374 | Y115: 689214 | Z115: 297102561 | AA115: =W115-(Y115+Z115) -> 295818492 | AB115: 27793 | AC115: 195.12 | AD115: 0 | AE115: 0 | AF115: 27791 | AG115: 0.172 | AH115: 17.531 | AI115: 177.413 | AJ115: 422737884 | AK115: 374 | AL115: 811447 | AM115: 211447457 | AN115: =AJ115-(AL115+AM115) -> 210478980
A116: RP_SCU_N-900_I-1_R-0.99 | B116: OOM | C116: 3600 | O116: OOM | P116: 3600 | AB116: OOM | AC116: 3600
A117: RP_SCU_N-900_I-2_R-0.95 | B117: 28326 | C117: 182.677 | D117: 27753 | E117: 0.065 | F117: 28325 | G117: 0.175 | H117: 17.57 | I117: 164.859 | J117: 388224625 | K117: 309 | L117: 637227 | M117: 194252916 | N117: =J117-(L117+M117) -> 193334482 | O117: 28326 | P117: 317.248 | Q117: 27753 | R117: 0.065 | S117: 0 | T117: 0.175 | U117: 0 | V117: 316.999 | W117: 566059609 | X117: 309 | Y117: 517432 | Z117: 283381379 | AA117: =W117-(Y117+Z117) -> 282160798 | AB117: 28326 | AC117: 181.04 | AD117: 0 | AE117: 0 | AF117: 28325 | AG117: 0.175 | AH117: 18.265 | AI117: 162.591 | AJ117: 388224625 | AK117: 309 | AL117: 637227 | AM117: 194252916 | AN117: =AJ117-(AL117+AM117) -> 193334482
A118: RP_SCU_N-900_I-2_R-0.99 | B118: 27380 | C118: 1906.12 | D118: 27097 | E118: 0.061 | F118: 27376 | G118: 0.175 | H118: 17.709 | I118: 1888.17 | J118: 1443528559 | K118: 676 | L118: 3373248 | M118: 720906803 | N118: =J118-(L118+M118) -> 719248508 | O118: 27380 | P118: 2057.68 | Q118: 27097 | R118: 0.061 | S118: 0 | T118: 0.175 | U118: 0 | V118: 2057.44 | W118: 1512849528 | X118: 676 | Y118: 2935156 | Z118: 755952996 | AA118: =W118-(Y118+Z118) -> 753961376 | AB118: 27380 | AC118: 1923.15 | AD118: 0 | AE118: 0 | AF118: 27376 | AG118: 0.176 | AH118: 18.078 | AI118: 1904.89 | AJ118: 1443528559 | AK118: 676 | AL118: 3373248 | AM118: 720906803 | AN118: =AJ118-(AL118+AM118) -> 719248508
A119: RP_SCU_N-900_I-3_R-0.95 | B119: 27810 | C119: 186.01 | D119: 27378 | E119: 0.125 | F119: 27807 | G119: 0.171 | H119: 15.729 | I119: 169.975 | J119: 408217248 | K119: 293 | L119: 697953 | M119: 204239088 | N119: =J119-(L119+M119) -> 203280207 | O119: 27810 | P119: 277.289 | Q119: 27378 | R119: 0.125 | S119: 0 | T119: 0.171 | U119: 0 | V119: 276.985 | W119: 554036770 | X119: 293 | Y119: 592137 | Z119: 277322329 | AA119: =W119-(Y119+Z119) -> 276122304 | AB119: 27810 | AC119: 186.015 | AD119: 0 | AE119: 0 | AF119: 27807 | AG119: 0.171 | AH119: 16.62 | AI119: 169.217 | AJ119: 408217248 | AK119: 293 | AL119: 697953 | AM119: 204239088 | AN119: =AJ119-(AL119+AM119) -> 203280207
A120: RP_SCU_N-900_I-3_R-0.99 | B120: 26895 | C120: 2344.17 | D120: 26641 | E120: 0.061 | F120: 26892 | G120: 0.171 | H120: 16.93 | I120: 2327 | J120: 1593665192 | K120: 546 | L120: 3806188 | M120: 795653864 | N120: =J120-(L120+M120) -> 794205140 | O120: 26895 | P120: 2583.46 | Q120: 26641 | R120: 0.061 | S120: 0 | T120: 0.172 | U120: 0 | V120: 2583.22 | W120: 1685208466 | X120: 546 | Y120: 3322696 | Z120: 841862138 | AA120: =W120-(Y120+Z120) -> 840023632 | AB120: 26895 | AC120: 2357.61 | AD120: 0 | AE120: 0 | AF120: 26892 | AG120: 0.172 | AH120: 17.488 | AI120: 2339.95 | AJ120: 1593665192 | AK120: 546 | AL120: 3806188 | AM120: 795653864 | AN120: =AJ120-(AL120+AM120) -> 794205140
A121: RP_SCU_N-900_I-4_R-0.95 | B121: 28626 | C121: 183.159 | D121: 27827 | E121: 0.06 | F121: 28624 | G121: 0.177 | H121: 17.108 | I121: 165.805 | J121: 400796955 | K121: 379 | L121: 657243 | M121: 200588900 | N121: =J121-(L121+M121) -> 199550812 | O121: 28626 | P121: 354.831 | Q121: 27827 | R121: 0.06 | S121: 0 | T121: 0.177 | U121: 0 | V121: 354.586 | W121: 606835049 | X121: 379 | Y121: 520350 | Z121: 303841409 | AA121: =W121-(Y121+Z121) -> 302473290 | AB121: 28626 | AC121: 181.384 | AD121: 0 | AE121: 0 | AF121: 28624 | AG121: 0.177 | AH121: 17.761 | AI121: 163.437 | AJ121: 400796955 | AK121: 379 | AL121: 657243 | AM121: 200588900 | AN121: =AJ121-(AL121+AM121) -> 199550812
A122: RP_SCU_N-900_I-4_R-0.99 | B122: 27615 | C122: 2252.09 | D122: 27354 | E122: 0.06 | F122: 27609 | G122: 0.177 | H122: 17.234 | I122: 2234.62 | J122: 1603797317 | K122: 737 | L122: 3345660 | M122: 801266512 | N122: =J122-(L122+M122) -> 799185145 | O122: 27615 | P122: 2419.31 | Q122: 27354 | R122: 0.06 | S122: 0 | T122: 0.177 | U122: 0 | V122: 2419.07 | W122: 1664945601 | X122: 737 | Y122: 2795323 | Z122: 832304173 | AA122: =W122-(Y122+Z122) -> 829846105 | AB122: 27615 | AC122: 2294.73 | AD122: 0 | AE122: 0 | AF122: 27609 | AG122: 0.177 | AH122: 17.776 | AI122: 2276.77 | AJ122: 1603797317 | AK122: 737 | AL122: 3345660 | AM122: 801266512 | AN122: =AJ122-(AL122+AM122) -> 799185145
A123: RP_SC_N-100_I-0_R-0.95 | B123: 3196 | C123: 0.151 | D123: 3144 | E123: 0.001 | F123: 3196 | G123: 0.002 | H123: 0.038 | I123: 0.105 | J123: 717146 | K123: 8 | L123: 60644 | M123: 312512 | N123: =J3-(L3+M3) -> 157304 | O123: 3196 | P123: 0.281 | Q123: 3144 | R123: 0.001 | S123: 0 | T123: 0.002 | U123: 0 | V123: 0.273 | W123: 1470107 | X123: 8 | Y123: 83874 | Z123: 676162 | AA123: =W3-(Y3+Z3) -> 263037 | AB123: 3196 | AC123: 0.163 | AD123: 0 | AE123: 0 | AF123: 3196 | AG123: 0.002 | AH123: 0.049 | AI123: 0.106 | AJ123: 717146 | AK123: 8 | AL123: 60644 | AM123: 312512 | AN123: =AJ3-(AL3+AM3) -> 157304
A124: RP_SC_N-100_I-0_R-0.99 | B124: 3047 | C124: 1.789 | D124: 3044 | E124: 0.001 | F124: 3047 | G124: 0.002 | H124: 0.08 | I124: 1.7 | J124: 5785349 | K124: 298 | L124: 441989 | M124: 2503325 | N124: =J124-(L124+M124) -> 2840035 | O124: 3047 | P124: 1.733 | Q124: 3044 | R124: 0.001 | S124: 0 | T124: 0.002 | U124: 0 | V124: 1.725 | W124: 5871328 | X124: 298 | Y124: 442796 | Z124: 2546627 | AA124: =W124-(Y124+Z124) -> 2881905 | AB124: 3047 | AC124: 1.795 | AD124: 0 | AE124: 0 | AF124: 3047 | AG124: 0.002 | AH124: 0.084 | AI124: 1.703 | AJ124: 5785349 | AK124: 298 | AL124: 441989 | AM124: 2503325 | AN124: =AJ124-(AL124+AM124) -> 2840035
A125: RP_SC_N-100_I-1_R-0.95 | B125: 2952 | C125: 0.13 | D125: 2915 | E125: 0.001 | F125: 2952 | G125: 0.002 | H125: 0.031 | I125: 0.09 | J125: 608878 | K125: 143 | L125: 54514 | M125: 261460 | N125: =J125-(L125+M125) -> 292904 | O125: 2952 | P125: 0.203 | Q125: 2915 | R125: 0.001 | S125: 0 | T125: 0.002 | U125: 0 | V125: 0.195 | W125: 1095739 | X125: 143 | Y125: 70722 | Z125: 496474 | AA125: =W125-(Y125+Z125) -> 528543 | AB125: 2952 | AC125: 0.141 | AD125: 0 | AE125: 0 | AF125: 2952 | AG125: 0.002 | AH125: 0.043 | AI125: 0.091 | AJ125: 608878 | AK125: 143 | AL125: 54514 | AM125: 261460 | AN125: =AJ125-(AL125+AM125) -> 292904
A126: RP_SC_N-100_I-1_R-0.99 | B126: 2821 | C126: 1.25 | D126: 2787 | E126: 0.001 | F126: 2821 | G126: 0.002 | H126: 0.066 | I126: 1.175 | J126: 4311161 | K126: 309 | L126: 441676 | M126: 1757710 | N126: =J126-(L126+M126) -> 2111775 | O126: 2821 | P126: 1.544 | Q126: 2787 | R126: 0.001 | S126: 0 | T126: 0.002 | U126: 0 | V126: 1.536 | W126: 5087589 | X126: 309 | Y126: 460003 | Z126: 2137759 | AA126: =W126-(Y126+Z126) -> 2489827 | AB126: 2821 | AC126: 1.255 | AD126: 0 | AE126: 0 | AF126: 2821 | AG126: 0.002 | AH126: 0.07 | AI126: 1.177 | AJ126: 4311161 | AK126: 309 | AL126: 441676 | AM126: 1757710 | AN126: =AJ126-(AL126+AM126) -> 2111775
A127: RP_SC_N-100_I-2_R-0.95 | B127: 3165 | C127: 0.245 | D127: 3126 | E127: 0.001 | F127: 3165 | G127: 0.002 | H127: 0.049 | I127: 0.188 | J127: 1238497 | K127: 262 | L127: 120062 | M127: 514426 | N127: =J127-(L127+M127) -> 604009 | O127: 3165 | P127: 0.364 | Q127: 3126 | R127: 0.001 | S127: 0 | T127: 0.002 | U127: 0 | V127: 0.356 | W127: 1907562 | X127: 262 | Y127: 142280 | Z127: 836774 | AA127: =W127-(Y127+Z127) -> 928508 | AB127: 3165 | AC127: 0.258 | AD127: 0 | AE127: 0 | AF127: 3165 | AG127: 0.002 | AH127: 0.06 | AI127: 0.19 | AJ127: 1238497 | AK127: 262 | AL127: 120062 | AM127: 514426 | AN127: =AJ127-(AL127+AM127) -> 604009
A128: RP_SC_N-100_I-2_R-0.99 | B128: 3017 | C128: 2.303 | D128: 2952 | E128: 0.001 | F128: 3017 | G128: 0.002 | H128: 0.079 | I128: 2.216 | J128: 6732251 | K128: 396 | L128: 478530 | M128: 2947231 | N128: =J128-(L128+M128) -> 3306490 | O128: 3017 | P128: 2.987 | Q128: 2952 | R128: 0.001 | S128: 0 | T128: 0.002 | U128: 0 | V128: 2.978 | W128: 8132455 | X128: 396 | Y128: 484890 | Z128: 3661615 | AA128: =W128-(Y128+Z128) -> 3985950 | AB128: 3017 | AC128: 2.303 | AD128: 0 | AE128: 0 | AF128: 3017 | AG128: 0.002 | AH128: 0.081 | AI128: 2.215 | AJ128: 6732251 | AK128: 396 | AL128: 478530 | AM128: 2947231 | AN128: =AJ128-(AL128+AM128) -> 3306490
A129: RP_SC_N-100_I-3_R-0.95 | B129: 3101 | C129: 0.124 | D129: 3091 | E129: 0.001 | F129: 3101 | G129: 0.002 | H129: 0.03 | I129: 0.085 | J129: 631067 | K129: 88 | L129: 81334 | M129: 245465 | N129: =J129-(L129+M129) -> 304268 | O129: 3101 | P129: 0.116 | Q129: 3091 | R129: 0.001 | S129: 0 | T129: 0.002 | U129: 0 | V129: 0.108 | W129: 759839 | X129: 88 | Y129: 86130 | Z129: 307850 | AA129: =W129-(Y129+Z129) -> 365859 | AB129: 3101 | AC129: 0.143 | AD129: 0 | AE129: 0 | AF129: 3101 | AG129: 0.002 | AH129: 0.047 | AI129: 0.086 | AJ129: 631067 | AK129: 88 | AL129: 81334 | AM129: 245465 | AN129: =AJ129-(AL129+AM129) -> 304268
A130: RP_SC_N-100_I-3_R-0.99 | B130: 2964 | C130: 1.246 | D130: 2938 | E130: 0.001 | F130: 2964 | G130: 0.002 | H130: 0.07 | I130: 1.166 | J130: 4443837 | K130: 320 | L130: 481957 | M130: 1783740 | N130: =J130-(L130+M130) -> 2178140 | O130: 2964 | P130: 1.415 | Q130: 2938 | R130: 0.001 | S130: 0 | T130: 0.002 | U130: 0 | V130: 1.407 | W130: 5047338 | X130: 320 | Y130: 496561 | Z130: 2079703 | AA130: =W130-(Y130+Z130) -> 2471074 | AB130: 2964 | AC130: 1.241 | AD130: 0 | AE130: 0 | AF130: 2964 | AG130: 0.002 | AH130: 0.075 | AI130: 1.159 | AJ130: 4443837 | AK130: 320 | AL130: 481957 | AM130: 1783740 | AN130: =AJ130-(AL130+AM130) -> 2178140
A131: RP_SC_N-100_I-4_R-0.95 | B131: 3043 | C131: 0.245 | D131: 2984 | E131: 0.001 | F131: 3043 | G131: 0.002 | H131: 0.046 | I131: 0.189 | J131: 1211862 | K131: 101 | L131: 120671 | M131: 501992 | N131: =J131-(L131+M131) -> 589199 | O131: 3043 | P131: 0.431 | Q131: 2984 | R131: 0.001 | S131: 0 | T131: 0.002 | U131: 0 | V131: 0.422 | W131: 2034870 | X131: 101 | Y131: 147999 | Z131: 899498 | AA131: =W131-(Y131+Z131) -> 987373 | AB131: 3043 | AC131: 0.252 | AD131: 0 | AE131: 0 | AF131: 3043 | AG131: 0.002 | AH131: 0.054 | AI131: 0.19 | AJ131: 1211862 | AK131: 101 | AL131: 120671 | AM131: 501992 | AN131: =AJ131-(AL131+AM131) -> 589199
A132: RP_SC_N-100_I-4_R-0.99 | B132: 2895 | C132: 2.248 | D132: 2871 | E132: 0.001 | F132: 2895 | G132: 0.002 | H132: 0.071 | I132: 2.165 | J132: 6404288 | K132: 288 | L132: 447342 | M132: 2813355 | N132: =J132-(L132+M132) -> 3143591 | O132: 2895 | P132: 2.425 | Q132: 2871 | R132: 0.001 | S132: 0 | T132: 0.002 | U132: 0 | V132: 2.416 | W132: 6878826 | X132: 288 | Y132: 446654 | Z132: 3059172 | AA132: =W132-(Y132+Z132) -> 3373000 | AB132: 2895 | AC132: 2.248 | AD132: 0 | AE132: 0 | AF132: 2895 | AG132: 0.002 | AH132: 0.074 | AI132: 2.167 | AJ132: 6404288 | AK132: 288 | AL132: 447342 | AM132: 2813355 | AN132: =AJ132-(AL132+AM132) -> 3143591
A133: RP_SC_N-400_I-0_R-0.95 | B133: 13027 | C133: 3.258 | D133: 12942 | E133: 0.013 | F133: 13027 | G133: 0.036 | H133: 0.428 | I133: 2.775 | J133: 13413511 | K133: 133 | L133: 377498 | M133: 6435153 | N133: =J133-(L133+M133) -> 6600860 | O133: 13027 | P133: 6.654 | Q133: 12942 | R133: 0.013 | S133: 0 | T133: 0.036 | U133: 0 | V133: 6.599 | W133: 25696250 | X133: 133 | Y133: 494431 | Z133: 12524046 | AA133: =W133-(Y133+Z133) -> 12677773 | AB133: 13027 | AC133: 3.597 | AD133: 0 | AE133: 0 | AF133: 13027 | AG133: 0.036 | AH133: 0.764 | AI133: 2.792 | AJ133: 13413511 | AK133: 133 | AL133: 377498 | AM133: 6435153 | AN133: =AJ133-(AL133+AM133) -> 6600860
A134: RP_SC_N-400_I-0_R-0.99 | B134: 12701 | C134: 52.497 | D134: 12607 | E134: 0.013 | F134: 12701 | G134: 0.036 | H134: 0.978 | I134: 51.462 | J134: 121179863 | K134: 304 | L134: 3237716 | M134: 57793898 | N134: =J134-(L134+M134) -> 60148249 | O134: 12701 | P134: 73.974 | Q134: 12607 | R134: 0.013 | S134: 0 | T134: 0.036 | U134: 0 | V134: 73.917 | W134: 150665145 | X134: 304 | Y134: 3512048 | Z134: 72379934 | AA134: =W134-(Y134+Z134) -> 74773163 | AB134: 12701 | AC134: 52.221 | AD134: 0 | AE134: 0 | AF134: 12701 | AG134: 0.036 | AH134: 1.236 | AI134: 50.943 | AJ134: 121179863 | AK134: 304 | AL134: 3237716 | AM134: 57793898 | AN134: =AJ134-(AL134+AM134) -> 60148249
A135: RP_SC_N-400_I-1_R-0.95 | B135: 12424 | C135: 1.573 | D135: 12404 | E135: 0.013 | F135: 12424 | G135: 0.034 | H135: 0.263 | I135: 1.256 | J135: 7626279 | K135: 71 | L135: 268910 | M135: 3619135 | N135: =J135-(L135+M135) -> 3738234 | O135: 12424 | P135: 1.898 | Q135: 12404 | R135: 0.013 | S135: 0 | T135: 0.034 | U135: 0 | V135: 1.845 | W135: 9919241 | X135: 71 | Y135: 287842 | Z135: 4761475 | AA135: =W135-(Y135+Z135) -> 4869924 | AB135: 12424 | AC135: 1.982 | AD135: 0 | AE135: 0 | AF135: 12424 | AG135: 0.034 | AH135: 0.664 | AI135: 1.278 | AJ135: 7626279 | AK135: 71 | AL135: 268910 | AM135: 3619135 | AN135: =AJ135-(AL135+AM135) -> 3738234
... A172: RP_SS_N-400_I-4_R-0.99 | B172: 9158 | C172: 896.278 | D172: 9084 | E172: 0.022 | F172: 9158 | G172: 0.032 | H172: 6.829 | I172: 889.387 | J172: 745536097 | K172: 1626903 | L172: 2000017 | M172: 369140863 | N172: =J172-(L172+M172) -> 374395217 | O172: 9158 | P172: 991.292 | Q172: 9084 | R172: 0.022 | S172: 0 | T172: 0.033 | U172: 0 | V172: 991.232 | W172: 821816924 | X172: 1631875 | Y172: 2050294 | Z172: 407365303 | AA172: =W172-(Y172+Z172) -> 412401327 | AB172: 9158 | AC172: 902.326 | AD172: 0 | AE172: 0 | AF172: 9158 | AG172: 0.032 | AH172: 6.942 | AI172: 895.348 | AJ172: 745536097 | AK172: 1626903 | AL172: 2000017 | AM172: 369140863 | AN172: =AJ172-(AL172+AM172) -> 374395217
A173: RP_SS_N-900_I-0_R-0.95 | B173: 22810 | C173: 2382.86 | D173: 22768 | E173: 0.071 | F173: 22810 | G173: 0.173 | H173: 36.528 | I173: 2346.08 | K173: 2748926 | L173: 1713786 | M173: 1357139896 | O173: 22810 | P173: 2609.61 | Q173: 22768 | R173: 0.071 | S173: 0 | T173: 0.173 | U173: 0 | V173: 2609.36 | X173: 2748926 | Y173: 1758099 | Z173: 1465861548 | AB173: 22810 | AC173: 2443.19 | AD173: 0 | AE173: 0 | AF173: 22810 | AG173: 0.173 | AH173: 37.554 | AI173: 2405.46 | AK173: 2748926 | AL173: 1713786 | AM173: 1357139896
A174: RP_SS_N-900_I-0_R-0.99 | B174: 22247 | C174: 3600 | D174: 22197 | E174: 0.118 | F174: 22247 | G174: 0.173 | H174: 41.202 | I174: 3576.76 | K174: 4354465 | L174: 1445532 | M174: 1157523993 | O174: 22197 | P174: 3600 | Q174: 22197 | R174: 0.118 | S174: 0 | T174: 0.173 | U174: 0 | V174: 3600 | X174: 4701981 | Y174: 1213790 | Z174: 1215907238 | AB174: 22247 | AC174: 3600 | AD174: 0 | AE174: 0 | AF174: 22247 | AG174: 0.173 | AH174: 43.715 | AI174: 3568.38 | AK174: 4338081 | AL174: 1417777 | AM174: 1144544034
A175: RP_SS_N-900_I-1_R-0.95 | B175: 22355 | C175: 2284.09 | D175: 22314 | E175: 0.098 | F175: 22355 | G175: 0.17 | H175: 35.811 | I175: 2248 | K175: 2622320 | L175: 1707729 | M175: 1301960256 | O175: 22355 | P175: 2377.06 | Q175: 22314 | R175: 0.098 | S175: 0 | T175: 0.17 | U175: 0 | V175: 2376.79 | X175: 2622320 | Y175: 1625148 | Z175: 1403820677 | AB175: 22355 | AC175: 2289.8 | AD175: 0 | AE175: 0 | AF175: 22355 | AG175: 0.17 | AH175: 36.712 | AI175: 2252.91 | AK175: 2622320 | AL175: 1707729 | AM175: 1301960256
A176: RP_SS_N-900_I-1_R-0.99 | B176: 21802 | C176: 3600 | D176: 21732 | E176: 0.146 | F176: 21802 | G176: 0.17 | H176: 41.423 | I176: 3567.71 | K176: 4354254 | L176: 1605514 | M176: 1215242078 | O176: 21732 | P176: 3600 | Q176: 21732 | R176: 0.146 | S176: 0 | T176: 0.17 | U176: 0 | V176: 3600 | X176: 4801909 | Y176: 1024305 | Z176: 1242189156 | AB176: 21802 | AC176: 3600 | AD176: 0 | AE176: 0 | AF176: 21802 | AG176: 0.17 | AH176: 42.251 | AI176: 3565.98 | AK176: 4333938 | AL176: 1510727 | AM176: 1193639480
A177: RP_SS_N-900_I-2_R-0.95 | B177: 22890 | C177: 2303.96 | D177: 22842 | E177: 0.097 | F177: 22890 | G177: 0.173 | H177: 36.621 | I177: 2267.06 | K177: 2730809 | L177: 1609057 | M177: 1347223025 | O177: 22890 | P177: 2560.12 | Q177: 22842 | R177: 0.097 | S177: 0 | T177: 0.173 | U177: 0 | V177: 2559.84 | X177: 2741862 | Y177: 1652875 | Z177: 1461456103 | AB177: 22890 | AC177: 2273.18 | AD177: 0 | AE177: 0 | AF177: 22890 | AG177: 0.173 | AH177: 37.09 | AI177: 2235.91 | AK177: 2730809 | AL177: 1609057 | AM177: 1347223025
A178: RP_SS_N-900_I-2_R-0.99 | B178: 22323 | C178: 3600 | D178: 22246 | E178: 0.129 | F178: 22323 | G178: 0.173 | H178: 41.927 | I178: 3564.18 | K178: 4431717 | L178: 1570084 | M178: 1187675983 | O178: 22246 | P178: 3600 | Q178: 22246 | R178: 0.129 | S178: 0 | T178: 0.173 | U178: 0 | V178: 3600 | X178: 4903505 | Y178: 998744 | Z178: 1216250825 | AB178: 22323 | AC178: 3600 | AD178: 0 | AE178: 0 | AF178: 22323 | AG178: 0.173 | AH178: 44.689 | AI178: 3569.43 | AK178: 4405839 | AL178: 1541821 | AM178: 1174486257
A179: RP_SS_N-900_I-3_R-0.95 | B179: 22476 | C179: 2394.47 | D179: 22446 | E179: 0.07 | F179: 22476 | G179: 0.171 | H179: 35.536 | I179: 2358.68 | K179: 2701913 | L179: 1644629 | M179: 1351258963 | O179: 22476 | P179: 2427.68 | Q179: 22446 | R179: 0.07 | S179: 0 | T179: 0.171 | U179: 0 | V179: 2427.43 | X179: 2701913 | Y179: 1589036 | Z179: 1443030221 | AB179: 22476 | AC179: 2449.8 | AD179: 0 | AE179: 0 | AF179: 22476 | AG179: 0.17 | AH179: 37.236 | AI179: 2412.38 | AK179: 2701913 | AL179: 1644629 | AM179: 1351258963
A180: RP_SS_N-900_I-3_R-0.99 | B180: 21918 | C180: 3600 | D180: 21846 | E180: 0.101 | F180: 21918 | G180: 0.171 | H180: 41.953 | I180: 3567.37 | K180: 4327825 | L180: 1477084 | M180: 1133144820 | O180: 21846 | P180: 3600 | Q180: 21846 | R180: 0.101 | S180: 0 | T180: 0.17 | U180: 0 | V180: 3600 | X180: 4835675 | Y180: 1113332 | Z180: 1210733670 | AB180: 21918 | AC180: 3600 | AD180: 0 | AE180: 0 | AF180: 21918 | AG180: 0.171 | AH180: 44.204 | AI180: 3572.28 | AK180: 4341340 | AL180: 1512785 | AM180: 1146093538
A181: RP_SS_N-900_I-4_R-0.95 | B181: 22863 | C181: 2407.08 | D181: 22820 | E181: 0.065 | F181: 22863 | G181: 0.173 | H181: 37.911 | I181: 2368.92 | K181: 2747034 | L181: 1503917 | M181: 1375203394 | O181: 22863 | P181: 2717.2 | Q181: 22820 | R181: 0.065 | S181: 0 | T181: 0.173 | U181: 0 | V181: 2716.96 | X181: 2747034 | Y181: 1570196 | Z181: 1496489696 | AB181: 22863 | AC181: 2384.45 | AD181: 0 | AE181: 0 | AF181: 22863 | AG181: 0.173 | AH181: 39.095 | AI181: 2345.17 | AK181: 2747034 | AL181: 1503917 | AM181: 1375203394
A182: RP_SS_N-900_I-4_R-0.99 | B182: 22294 | C182: 3600 | D182: 22206 | E182: 0.146 | F182: 22294 | G182: 0.172 | H182: 43.961 | I182: 3575.84 | K182: 4409171 | L182: 1455880 | M182: 1144588743 | O182: 22206 | P182: 3600 | Q182: 22206 | R182: 0.146 | S182: 0 | T182: 0.173 | U182: 0 | V182: 3600 | X182: 4951501 | Y182: 913253 | Z182: 1194972103 | AB182: 22294 | AC182: 3600 | AD182: 0 | AE182: 0 | AF182: 22294 | AG182: 0.173 | AH182: 45.803 | AI182: 3563.88 | AK182: 4382792 | AL182: 1408093 | AM182: 1127094343
B183: =AVERAGE(B3:B182) -> 13053.86 | C183: =AVERAGE(C3:C182) -> 315.90243 | D183: =AVERAGE(D3:D182) -> 12956.425 | E183: =AVERAGE(E3:E182) -> 0.030648045 | F183: =AVERAGE(F3:F182) -> 13048.458 | G183: =AVERAGE(G3:G182) -> 0.071776536 | H183: =AVERAGE(H3:H182) -> 5.2428771 | I183: =AVERAGE(I3:I182) -> 292.55977 | ... AN183: =AVERAGE(AN3:AN182) -> 80772964
A185: Time (s) | B185: 1-def | C185: 3-maskHLA | D185: 4-maskTS | L185: generated labels | M185: 1-def | N185: 3-maskHLA | O185: 4-maskTS
A186: Minimum | B186: =MIN(C3:C182) -> 0.085 | C186: =min(P3:P182) -> 0.078 | D186: =min(AC3:AC182) -> 0.09 | L186: Minimum | M186: =min(J3:J182) -> 327017 | N186: =min(W3:W182) -> 385814 | O186: =min(AJ3:AJ182) -> 327017
A187: Quartile1 | B187: =QUARTILE(C3:C182, 1) -> 2.1645 | C187: =QUARTILE(P3:P182, 1) -> 2.9075 | D187: =QUARTILE(AC3:AC182, 1) -> 2.42725 | L187: Quartile1 | M187: =quartile(J3:J182, 1) -> 7119964 | N187: =QUARTILE(W3:W182, 1) -> 9072627 | O187: =QUARTILE(AJ3:AJ182, 1) -> 7119964
A188: Median | B188: =MEDIAN(C3:C182) -> 11.6085 | C188: =MEDIAN(P3:P182) -> 15.006 | D188: =MEDIAN(AC3:AC182) -> 12.2325 | L188: Median | M188: =median(J3:J182) -> 27712392 | N188: =MEDIAN(W3:W182) -> 39899446 | O188: =MEDIAN(AJ3:AJ182) -> 27712392
A189: Quartile3 | B189: =QUARTILE(C3:C182, 3) -> 171.3345 | C189: =QUARTILE(P3:P182, 3) -> 177.36275 | D189: =QUARTILE(AC3:AC182, 3) -> 173.1005 | L189: Quartile3 | M189: =quartile(J3:J182, 3) -> 224452460 | N189: =QUARTILE(W3:W182, 3) -> 259467877 | O189: =QUARTILE(AJ3:AJ182, 3) -> 224452460
A190: Maximum | B190: =max(C3:C182) -> 3600 | C190: =max(P3:P182) -> 3600 | D190: =max(AC3:AC182) -> 3600 | L190: Maximum | M190: =MAX(J3:J182) -> 1603797317 | N190: =MAX(W3:W182) -> 1685208466 | O190: =MAX(AJ3:AJ182) -> 1603797317
A191: Avg | B191: =average(C3:C182) -> 315.90243 | C191: =average(P3:P182) -> 334.37425 | D191: =average(AC3:AC182) -> 316.15073 | L191: Avg | M191: =AVERAGE(J3:J182) -> 162088132 | N191: =AVERAGE(W3:W182) -> 1.8178676e+08 | O191: =AVERAGE(AJ3:AJ182) -> 162088132
A192: OOM | B192: =COUNTIF(B3:B182,"OOM") -> 1 | C192: =COUNTIF(O3:O182,"OOM") -> 1 | D192: =COUNTIF(AB3:AB182,"OOM") -> 1
L194: non-dominated labels | M194: 1-def | N194: 3-maskHLA | O194: 4-maskTS
L195: Minimum | M195: =min(N3:N182) -> 157304 | N195: =min(AA3:AA182) -> 178566 | O195: =min(AN3:AN182) -> 157304
L196: Quartile1 | M196: =QUARTILE(N3:N182, 1) -> 3468375 | N196: =QUARTILE(AA3:AA182, 1) -> 4400354 | O196: =quartile(AN3:AN182, 1) -> 3468375
L197: Median | M197: =median(N3:N182) -> 13679642 | N197: =MEDIAN(AA3:AA182) -> 19847552 | O197: =MEDIAN(AN3:AN182) -> 13679642
L198: Quartile3 | M198: =quartile(N3:N182, 3) -> 111043917 | N198: =quartile(AA3:AA182, 3) -> 128941970 | O198: =QUARTILE(AN3:AN182, 3) -> 111043917
L199: Maximum | M199: =max(N3:N182) -> 799185145 | N199: =max(AA3:AA182) -> 840023632 | O199: =MAX(AN3:AN182) -> 799185145
L200: Avg | M200: =AVERAGE(N3:N182) -> 80772964 | N200: =AVERAGE(AA3:AA182) -> 90587271 | O200: =AVERAGE(AN3:AN182) -> 80772964

Sheet theta=1
A1: Filename | B1: 1-def | O1: 3-maskHLA | AB1: 4-maskTS
B2: My_Obj_Val | C2: My_Time_s | D2: My_TS_Val | E2: my_TSTime | F2: My_HLA_Val | G2: my_fracKPTime | H2: My_HLATime | I2: My_exactTime | J2: my_labelNum | K2: my_nonlabelNum | L2: my_CBfathomedlabelNum | M2: my_dominatedlabelNum | N2: non_dominated | O2: My_Obj_Val | P2: My_Time_s | Q2: My_TS_Val | R2: my_TSTime | S2: My_HLA_Val | T2: my_fracKPTime | U2: My_HLATime | V2: My_exactTime | W2: my_labelNum | X2: my_nonlabelNum | Y2: my_CBfathomedlabelNum | Z2: my_dominatedlabelNum | AA2: non-dominated | AB2: My_Obj_Val | AC2: My_Time_s | AD2: My_TS_Val | AE2: my_TSTime | AF2: My_HLA_Val | AG2: my_fracKPTime | AH2: My_HLATime | AI2: My_exactTime | AJ2: my_labelNum | AK2: my_nonlabelNum | AL2: my_CBfathomedlabelNum | AM2: my_dominatedlabelNum | AN2: non-dominated
A3: RP_ICR_N-100_I-0_R-0.95 | B3: 2804 | C3: 0.043 | D3: 2783 | E3: 0.001 | F3: 2804 | G3: 0.002 | H3: 0.01 | I3: 0.024 | J3: 141762 | K3: 2 | L3: 15919 | M3: 56573 | N3: =J3-(L3+M3) -> 69270 | O3: 2804 | P3: 0.045 | Q3: 2783 | R3: 0.001 | S3: 0 | T3: 0.002 | U3: 0 | V3: 0.039 | W3: 215856 | X3: 2 | Y3: 18808 | Z3: 92780 | AA3: =W3-(Y3+Z3) -> 104268 | AB3: 2804 | AC3: 0.044 | AD3: 0 | AE3: 0 | AF3: 2804 | AG3: 0.002 | AH3: 0.013 | AI3: 0.024 | AJ3: 141762 | AK3: 2 | AL3: 15919 | AM3: 56573 | AN3: =AJ3-(AL3+AM3) -> 69270
A4: RP_ICR_N-100_I-0_R-0.99 | B4: 2672 | C4: 0.179 | D4: 2641 | E4: 0.001 | F4: 2672 | G4: 0.002 | H4: 0.015 | I4: 0.154 | J4: 680604 | K4: 2 | L4: 80726 | M4: 274443 | N4: =J4-(L4+M4) -> 325435 | O4: 2672 | P4: 0.211 | Q4: 2641 | R4: 0.001 | S4: 0 | T4: 0.002 | U4: 0 | V4: 0.201 | W4: 813823 | X4: 2 | Y4: 80178 | Z4: 345043 | AA4: =W4-(Y4+Z4) -> 388602 | AB4: 2672 | AC4: 0.175 | AD4: 0 | AE4: 0 | AF4: 2672 | AG4: 0.002 | AH4: 0.016 | AI4: 0.154 | AJ4: 680604 | AK4: 2 | AL4: 80726 | AM4: 274443 | AN4: =AJ4-(AL4+AM4) -> 325435
A5: RP_ICR_N-100_I-1_R-0.95 | B5: 2767 | C5: 0.047 | D5: 2759 | E5: 0.001 | F5: 2767 | G5: 0.002 | H5: 0.009 | I5: 0.031 | J5: 171250 | K5: 2 | L5: 18283 | M5: 70998 | N5: =J5-(L5+M5) -> 81969 | O5: 2767 | P5: 0.051 | Q5: 2759 | R5: 0.001 | S5: 0 | T5: 0.002 | U5: 0 | V5: 0.042 | W5: 218064 | X5: 2 | Y5: 19566 | Z5: 94569 | AA5: =W5-(Y5+Z5) -> 103929 | AB5: 2767 | AC5: 0.049 | AD5: 0 | AE5: 0 | AF5: 2767 | AG5: 0.002 | AH5: 0.011 | AI5: 0.031 | AJ5: 171250 | AK5: 2 | AL5: 18283 | AM5: 70998 | AN5: =AJ5-(AL5+AM5) -> 81969
A6: RP_ICR_N-100_I-1_R-0.99 | B6: 2633 | C6: 0.261 | D6: 2598 | E6: 0.001 | F6: 2633 | G6: 0.002 | H6: 0.017 | I6: 0.235 | J6: 871983 | K6: 2 | L6: 88277 | M6: 366423 | N6: =J6-(L6+M6) -> 417283 | O6: 2633 | P6: 0.329 | Q6: 2598 | R6: 0.001 | S6: 0 | T6: 0.002 | U6: 0 | V6: 0.32 | W6: 1043664 | X6: 2 | Y6: 88456 | Z6: 457000 | AA6: =W6-(Y6+Z6) -> 498208 | AB6: 2633 | AC6: 0.257 | AD6: 0 | AE6: 0 | AF6: 2633 | AG6: 0.002 | AH6: 0.017 | AI6: 0.235 | AJ6: 871983 | AK6: 2 | AL6: 88277 | AM6: 366423 | AN6: =AJ6-(AL6+AM6) -> 417283
A7: RP_ICR_N-100_I-2_R-0.95 | B7: 2778 | C7: 0.051 | D7: 2722 | E7: 0.001 | F7: 2778 | G7: 0.002 | H7: 0.011 | I7: 0.028 | J7: 155537 | K7: 2 | L7: 20294 | M7: 62017 | N7: =J7-(L7+M7) -> 73226 | O7: 2778 | P7: 0.085 | Q7: 2722 | R7: 0.001 | S7: 0 | T7: 0.002 | U7: 0 | V7: 0.076 | W7: 345770 | X7: 2 | Y7: 27695 | Z7: 155823 | AA7: =W7-(Y7+Z7) -> 162252 | AB7: 2778 | AC7: 0.047 | AD7: 0 | AE7: 0 | AF7: 2778 | AG7: 0.002 | AH7: 0.013 | AI7: 0.027 | AJ7: 155537 | AK7: 2 | AL7: 20294 | AM7: 62017 | AN7: =AJ7-(AL7+AM7) -> 73226
A8: RP_ICR_N-100_I-2_R-0.99 | B8: 2638 | C8: 0.357 | D8: 2631 | E8: 0.001 | F8: 2638 | G8: 0.002 | H8: 0.02 | I8: 0.328 | J8: 1132219 | K8: 2 | L8: 106468 | M8: 479179 | N8: =J8-(L8+M8) -> 546572 | O8: 2638 | P8: 0.354 | Q8: 2631 | R8: 0.001 | S8: 0 | T8: 0.002 | U8: 0 | V8: 0.345 | W8: 1177889 | X8: 2 | Y8: 106262 | Z8: 503653 | AA8: =W8-(Y8+Z8) -> 567974 | AB8: 2638 | AC8: 0.355 | AD8: 0 | AE8: 0 | AF8: 2638 | AG8: 0.002 | AH8: 0.02 | AI8: 0.329 | AJ8: 1132219 | AK8: 2 | AL8: 106468 | AM8: 479179 | AN8: =AJ8-(AL8+AM8) -> 546572
A9: RP_ICR_N-100_I-3_R-0.95 | B9: 2428 | C9: 0.045 | D9: 2427 | E9: 0.001 | F9: 2428 | G9: 0.002 | H9: 0.008 | I9: 0.029 | J9: 162623 | K9: 2 | L9: 15574 | M9: 70823 | N9: =J9-(L9+M9) -> 76226 | O9: 2428 | P9: 0.038 | Q9: 2427 | R9: 0.001 | S9: 0 | T9: 0.002 | U9: 0 | V9: 0.029 | W9: 168652 | X9: 2 | Y9: 15586 | Z9: 73979 | AA9: =W9-(Y9+Z9) -> 79087 | AB9: 2428 | AC9: 0.044 | AD9: 0 | AE9: 0 | AF9: 2428 | AG9: 0.002 | AH9: 0.01 | AI9: 0.028 | AJ9: 162623 | AK9: 2 | AL9: 15574 | AM9: 70823 | AN9: =AJ9-(AL9+AM9) -> 76226
A10: RP_ICR_N-100_I-3_R-0.99 | B10: 2287 | C10: 0.258 | D10: 2245 | E10: 0.001 | F10: 2287 | G10: 0.002 | H10: 0.016 | I10: 0.234 | J10: 905361 | K10: 2 | L10: 76095 | M10: 393291 | N10: =J10-(L10+M10) -> 435975 | O10: 2287 | P10: 0.255 | Q10: 2245 | R10: 0.001 | S10: 0 | T10: 0.002 | U10: 0 | V10: 0.248 | W10: 952947 | X10: 2 | Y10: 75524 | Z10: 419341 | AA10: =W10-(Y10+Z10) -> 458082 | AB10: 2287 | AC10: 0.255 | AD10: 0 | AE10: 0 | AF10: 2287 | AG10: 0.002 | AH10: 0.016 | AI10: 0.232 | AJ10: 905361 | AK10: 2 | AL10: 76095 | AM10: 393291 | AN10: =AJ10-(AL10+AM10) -> 435975
A11: RP_ICR_N-100_I-4_R-0.95 | B11: 2557 | C11: 0.043 | D11: 2513 | E11: 0.001 | F11: 2557 | G11: 0.002 | H11: 0.009 | I11: 0.028 | J11: 155076 | K11: 2 | L11: 15617 | M11: 67536 | N11: =J11-(L11+M11) -> 71923 | O11: 2557 | P11: 0.075 | Q11: 2513 | R11: 0.001 | S11: 0 | T11: 0.002 | U11: 0 | V11: 0.066 | W11: 316624 | X11: 2 | Y11: 21665 | Z11: 146466 | AA11: =W11-(Y11+Z11) -> 148493 | AB11: 2557 | AC11: 0.045 | AD11: 0 | AE11: 0 | AF11: 2557 | AG11: 0.002 | AH11: 0.01 | AI11: 0.028 | AJ11: 155076 | AK11: 2 | AL11: 15617 | AM11: 67536 | AN11: =AJ11-(AL11+AM11) -> 71923
A12: RP_ICR_N-100_I-4_R-0.99 | B12: 2422 | C12: 0.28 | D12: 2366 | E12: 0.001 | F12: 2422 | G12: 0.002 | H12: 0.014 | I12: 0.257 | J12: 934672 | K12: 2 | L12: 88824 | M12: 397606 | N12: =J12-(L12+M12) -> 448242 | O12: 2422 | P12: 0.319 | Q12: 2366 | R12: 0.001 | S12: 0 | T12: 0.002 | U12: 0 | V12: 0.311 | W12: 1046038 | X12: 2 | Y12: 88758 | Z12: 457358 | AA12: =W12-(Y12+Z12) -> 499922 | AB12: 2422 | AC12: 0.278 | AD12: 0 | AE12: 0 | AF12: 2422 | AG12: 0.002 | AH12: 0.014 | AI12: 0.257 | AJ12: 934672 | AK12: 2 | AL12: 88824 | AM12: 397606 | AN12: =AJ12-(AL12+AM12) -> 448242
A13: RP_ICR_N-400_I-0_R-0.95 | B13: 10493 | C13: 0.68 | D13: 10488 | E13: 0.013 | F13: 10493 | G13: 0.038 | H13: 0.104 | I13: 0.519 | J13: 2631726 | K13: 2 | L13: 72790 | M13: 1282128 | N13: =J13-(L13+M13) -> 1276808 | O13: 10493 | P13: 0.629 | Q13: 10488 | R13: 0.013 | S13: 0 | T13: 0.038 | U13: 0 | V13: 0.572 | W13: 2927520 | X13: 2 | Y13: 76112 | Z13: 1429360 | AA13: =W13-(Y13+Z13) -> 1422048 | AB13: 10493 | AC13: 0.754 | AD13: 0 | AE13: 0 | AF13: 10493 | AG13: 0.038 | AH13: 0.193 | AI13: 0.517 | AJ13: 2631726 | AK13: 2 | AL13: 72790 | AM13: 1282128 | AN13: =AJ13-(AL13+AM13) -> 1276808
A14: RP_ICR_N-400_I-0_R-0.99 | B14: 10198 | C14: 10.26 | D14: 10149 | E14: 0.013 | F14: 10198 | G14: 0.038 | H14: 0.213 | I14: 9.99 | J14: 25232422 | K14: 2 | L14: 596960 | M14: 12190590 | N14: =J14-(L14+M14) -> 12444872 | O14: 10198 | P14: 13.441 | Q14: 10149 | R14: 0.013 | S14: 0 | T14: 0.038 | U14: 0 | V14: 13.384 | W14: 30230866 | X14: 2 | Y14: 618918 | Z14: 14697862 | AA14: =W14-(Y14+Z14) -> 14914086 | AB14: 10198 | AC14: 10.311 | AD14: 0 | AE14: 0 | AF14: 10198 | AG14: 0.038 | AH14: 0.244 | AI14: 10.023 | AJ14: 25232422 | AK14: 2 | AL14: 596960 | AM14: 12190590 | AN14: =AJ14-(AL14+AM14) -> 12444872
... A122: RP_SCU_N-900_I-4_R-0.99 | B122: 27615 | C122: 275.682 | D122: 27354 | E122: 0.06 | F122: 27609 | G122: 0.177 | H122: 2.221 | I122: 273.217 | J122: 411257043 | K122: 459 | L122: 920123 | M122: 205394560 | N122: =J122-(L122+M122) -> 204942360 | O122: 27615 | P122: 280.827 | Q122: 27354 | R122: 0.06 | S122: 0 | T122: 0.177 | U122: 0 | V122: 280.582 | W122: 423779658 | X122: 459 | Y122: 747817 | Z122: 211788375 | AA122: =W122-(Y122+Z122) -> 211243466 | AB122: 27615 | AC122: 284.313 | AD122: 0 | AE122: 0 | AF122: 27609 | AG122: 0.177 | AH122: 2.413 | AI122: 281.715 | AJ122: 411257043 | AK122: 459 | AL122: 920123 | AM122: 205394560 | AN122: =AJ122-(AL122+AM122) -> 204942360
A123: RP_SC_N-100_I-0_R-0.95 | B123: 3196 | C123: 0.064 | D123: 3144 | E123: 0.001 | F123: 3196 | G123: 0.002 | H123: 0.015 | I123: 0.041 | J123: 295431 | K123: 8 | L123: 27959 | M123: 125062 | N123: =J3-(L3+M3) -> 69270 | O123: 3196 | P123: 0.092 | Q123: 3144 | R123: 0.001 | S123: 0 | T123: 0.002 | U123: 0 | V123: 0.083 | W123: 524765 | X123: 8 | Y123: 34419 | Z123: 236075 | AA123: =W3-(Y3+Z3) -> 104268 | AB123: 3196 | AC123: 0.065 | AD123: 0 | AE123: 0 | AF123: 3196 | AG123: 0.002 | AH123: 0.019 | AI123: 0.041 | AJ123: 295431 | AK123: 8 | AL123: 27959 | AM123: 125062 | AN123: =AJ3-(AL3+AM3) -> 69270
A124: RP_SC_N-100_I-0_R-0.99 | B124: 3047 | C124: 0.514 | D124: 3044 | E124: 0.001 | F124: 3047 | G124: 0.002 | H124: 0.028 | I124: 0.478 | J124: 2096952 | K124: 179 | L124: 150834 | M124: 914272 | N124: =J124-(L124+M124) -> 1031846 | O124: 3047 | P124: 0.488 | Q124: 3044 | R124: 0.001 | S124: 0 | T124: 0.002 | U124: 0 | V124: 0.48 | W124: 2120480 | X124: 179 | Y124: 150852 | Z124: 926324 | AA124: =W124-(Y124+Z124) -> 1043304 | AB124: 3047 | AC124: 0.514 | AD124: 0 | AE124: 0 | AF124: 3047 | AG124: 0.002 | AH124: 0.03 | AI124: 0.477 | AJ124: 2096952 | AK124: 179 | AL124: 150834 | AM124: 914272 | AN124: =AJ124-(AL124+AM124) -> 1031846
A125: RP_SC_N-100_I-1_R-0.95 | B125: 2952 | C125: 0.058 | D125: 2915 | E125: 0.001 | F125: 2952 | G125: 0.002 | H125: 0.013 | I125: 0.036 | J125: 253569 | K125: 94 | L125: 24353 | M125: 106057 | N125: =J125-(L125+M125) -> 123159 | O125: 2952 | P125: 0.071 | Q125: 2915 | R125: 0.001 | S125: 0 | T125: 0.002 | U125: 0 | V125: 0.062 | W125: 401937 | X125: 94 | Y125: 28768 | Z125: 177862 | AA125: =W125-(Y125+Z125) -> 195307 | AB125: 2952 | AC125: 0.058 | AD125: 0 | AE125: 0 | AF125: 2952 | AG125: 0.002 | AH125: 0.017 | AI125: 0.036 | AJ125: 253569 | AK125: 94 | AL125: 24353 | AM125: 106057 | AN125: =AJ125-(AL125+AM125) -> 123159
A126: RP_SC_N-100_I-1_R-0.99 | B126: 2821 | C126: 0.364 | D126: 2787 | E126: 0.001 | F126: 2821 | G126: 0.002 | H126: 0.023 | I126: 0.331 | J126: 1581418 | K126: 183 | L126: 162839 | M126: 641457 | N126: =J126-(L126+M126) -> 777122 | O126: 2821 | P126: 0.408 | Q126: 2787 | R126: 0.001 | S126: 0 | T126: 0.002 | U126: 0 | V126: 0.4 | W126: 1787323 | X126: 183 | Y126: 165715 | Z126: 743938 | AA126: =W126-(Y126+Z126) -> 877670 | AB126: 2821 | AC126: 0.366 | AD126: 0 | AE126: 0 | AF126: 2821 | AG126: 0.002 | AH126: 0.025 | AI126: 0.332 | AJ126: 1581418 | AK126: 183 | AL126: 162839 | AM126: 641457 | AN126: =AJ126-(AL126+AM126) -> 777122
A127: RP_SC_N-100_I-2_R-0.95 | B127: 3165 | C127: 0.102 | D127: 3126 | E127: 0.001 | F127: 3165 | G127: 0.002 | H127: 0.019 | I127: 0.076 | J127: 514737 | K127: 150 | L127: 46574 | M127: 215794 | N127: =J127-(L127+M127) -> 252369 | O127: 3165 | P127: 0.126 | Q127: 3126 | R127: 0.001 | S127: 0 | T127: 0.002 | U127: 0 | V127: 0.119 | W127: 725442 | X127: 150 | Y127: 52068 | Z127: 318328 | AA127: =W127-(Y127+Z127) -> 355046 | AB127: 3165 | AC127: 0.108 | AD127: 0 | AE127: 0 | AF127: 3165 | AG127: 0.002 | AH127: 0.023 | AI127: 0.077 | AJ127: 514737 | AK127: 150 | AL127: 46574 | AM127: 215794 | AN127: =AJ127-(AL127+AM127) -> 252369
A128: RP_SC_N-100_I-2_R-0.99 | B128: 3017 | C128: 0.659 | D128: 2952 | E128: 0.001 | F128: 3017 | G128: 0.002 | H128: 0.028 | I128: 0.621 | J128: 2418423 | K128: 219 | L128: 155797 | M128: 1072385 | N128: =J128-(L128+M128) -> 1190241 | O128: 3017 | P128: 0.811 | Q128: 2952 | R128: 0.001 | S128: 0 | T128: 0.002 | U128: 0 | V128: 0.803 | W128: 2793962 | X128: 219 | Y128: 151814 | Z128: 1269588 | AA128: =W128-(Y128+Z128) -> 1372560 | AB128: 3017 | AC128: 0.666 | AD128: 0 | AE128: 0 | AF128: 3017 | AG128: 0.002 | AH128: 0.03 | AI128: 0.631 | AJ128: 2418423 | AK128: 219 | AL128: 155797 | AM128: 1072385 | AN128: =AJ128-(AL128+AM128) -> 1190241
A129: RP_SC_N-100_I-3_R-0.95 | B129: 3101 | C129: 0.058 | D129: 3091 | E129: 0.001 | F129: 3101 | G129: 0.002 | H129: 0.013 | I129: 0.036 | J129: 275949 | K129: 68 | L129: 37453 | M129: 104450 | N129: =J129-(L129+M129) -> 134046 | O129: 3101 | P129: 0.052 | Q129: 3091 | R129: 0.001 | S129: 0 | T129: 0.002 | U129: 0 | V129: 0.044 | W129: 319256 | X129: 68 | Y129: 38494 | Z129: 125717 | AA129: =W129-(Y129+Z129) -> 155045 | AB129: 3101 | AC129: 0.064 | AD129: 0 | AE129: 0 | AF129: 3101 | AG129: 0.002 | AH129: 0.019 | AI129: 0.037 | AJ129: 275949 | AK129: 68 | AL129: 37453 | AM129: 104450 | AN129: =AJ129-(AL129+AM129) -> 134046
A130: RP_SC_N-100_I-3_R-0.99 | B130: 2964 | C130: 0.373 | D130: 2938 | E130: 0.001 | F130: 2964 | G130: 0.002 | H130: 0.025 | I130: 0.338 | J130: 1645275 | K130: 191 | L130: 173432 | M130: 662987 | N130: =J130-(L130+M130) -> 808856 | O130: 2964 | P130: 0.395 | Q130: 2938 | R130: 0.001 | S130: 0 | T130: 0.002 | U130: 0 | V130: 0.386 | W130: 1807147 | X130: 191 | Y130: 174717 | Z130: 744545 | AA130: =W130-(Y130+Z130) -> 887885 | AB130: 2964 | AC130: 0.374 | AD130: 0 | AE130: 0 | AF130: 2964 | AG130: 0.002 | AH130: 0.027 | AI130: 0.34 | AJ130: 1645275 | AK130: 191 | AL130: 173432 | AM130: 662987 | AN130: =AJ130-(AL130+AM130) -> 808856
A131: RP_SC_N-100_I-4_R-0.95 | B131: 3043 | C131: 0.099 | D131: 2984 | E131: 0.001 | F131: 3043 | G131: 0.002 | H131: 0.017 | I131: 0.073 | J131: 496065 | K131: 67 | L131: 50622 | M131: 203331 | N131: =J131-(L131+M131) -> 242112 | O131: 3043 | P131: 0.133 | Q131: 2984 | R131: 0.001 | S131: 0 | T131: 0.002 | U131: 0 | V131: 0.125 | W131: 733721 | X131: 67 | Y131: 56993 | Z131: 319139 | AA131: =W131-(Y131+Z131) -> 357589 | AB131: 3043 | AC131: 0.102 | AD131: 0 | AE131: 0 | AF131: 3043 | AG131: 0.002 | AH131: 0.02 | AI131: 0.074 | AJ131: 496065 | AK131: 67 | AL131: 50622 | AM131: 203331 | AN131: =AJ131-(AL131+AM131) -> 242112
A132: RP_SC_N-100_I-4_R-0.99 | B132: 2895 | C132: 0.653 | D132: 2871 | E132: 0.001 | F132: 2895 | G132: 0.002 | H132: 0.026 | I132: 0.618 | J132: 2304135 | K132: 180 | L132: 147231 | M132: 1023991 | N132: =J132-(L132+M132) -> 1132913 | O132: 2895 | P132: 0.678 | Q132: 2871 | R132: 0.001 | S132: 0 | T132: 0.002 | U132: 0 | V132: 0.67 | W132: 2426514 | X132: 180 | Y132: 144882 | Z132: 1089462 | AA132: =W132-(Y132+Z132) -> 1192170 | AB132: 2895 | AC132: 0.654 | AD132: 0 | AE132: 0 | AF132: 2895 | AG132: 0.002 | AH132: 0.027 | AI132: 0.62 | AJ132: 2304135 | AK132: 180 | AL132: 147231 | AM132: 1023991 | AN132: =AJ132-(AL132+AM132) -> 1132913
A133: RP_SC_N-400_I-0_R-0.95 | B133: 13027 | C133: 0.947 | D133: 12942 | E133: 0.013 | F133: 13027 | G133: 0.036 | H133: 0.178 | I133: 0.715 | J133: 4627592 | K133: 86 | L133: 163909 | M133: 2181880 | N133: =J133-(L133+M133) -> 2281803 | O133: 13027 | P133: 1.631 | Q133: 12942 | R133: 0.013 | S133: 0 | T133: 0.036 | U133: 0 | V133: 1.576 | W133: 8055355 | X133: 86 | Y133: 194418 | Z133: 3880694 | AA133: =W133-(Y133+Z133) -> 3980243 | AB133: 13027 | AC133: 1.052 | AD133: 0 | AE133: 0 | AF133: 13027 | AG133: 0.036 | AH133: 0.285 | AI133: 0.725 | AJ133: 4627592 | AK133: 86 | AL133: 163909 | AM133: 2181880 | AN133: =AJ133-(AL133+AM133) -> 2281803
A134: RP_SC_N-400_I-0_R-0.99 | B134: 12701 | C134: 14.261 | D134: 12607 | E134: 0.013 | F134: 12701 | G134: 0.036 | H134: 0.299 | I134: 13.906 | J134: 41956871 | K134: 171 | L134: 1139165 | M134: 19974182 | N134: =J134-(L134+M134) -> 20843524 | O134: 12701 | P134: 17.792 | Q134: 12607 | R134: 0.013 | S134: 0 | T134: 0.036 | U134: 0 | V134: 17.737 | W134: 49269519 | X134: 171 | Y134: 1197054 | Z134: 23600071 | AA134: =W134-(Y134+Z134) -> 24472394 | AB134: 12701 | AC134: 14.366 | AD134: 0 | AE134: 0 | AF134: 12701 | AG134: 0.036 | AH134: 0.369 | AI134: 13.954 | AJ134: 41956871 | AK134: 171 | AL134: 1139165 | AM134: 19974182 | AN134: =AJ134-(AL134+AM134) -> 20843524
A135: RP_SC_N-400_I-1_R-0.95 | B135: 12424 | C135: 0.553 | D135: 12404 | E135: 0.013 | F135: 12424 | G135: 0.034 | H135: 0.128 | I135: 0.371 | J135: 2677648 | K135: 50 | L135: 113616 | M135: 1247047 | N135: =J135-(L135+M135) -> 1316985 | O135: 12424 | P135: 0.529 | Q135: 12404 | R135: 0.013 | S135: 0 | T135: 0.034 | U135: 0 | V135: 0.476 | W135: 3338280 | X135: 50 | Y135: 118391 | Z135: 1576485 | AA135: =W135-(Y135+Z135) -> 1643404 | AB135: 12424 | AC135: 0.678 | AD135: 0 | AE135: 0 | AF135: 12424 | AG135: 0.034 | AH135: 0.259 | AI135: 0.38 | AJ135: 2677648 | AK135: 50 | AL135: 113616 | AM135: 1247047 | AN135: =AJ135-(AL135+AM135) -> 1316985
... A172: RP_SS_N-400_I-4_R-0.99 | B172: 9158 | C172: 364.635 | D172: 9084 | E172: 0.022 | F172: 9158 | G172: 0.033 | H172: 0.614 | I172: 363.96 | J172: 357824652 | K172: 785136 | L172: 1005880 | M172: 177121160 | N172: =J172-(L172+M172) -> 179697612 | O172: 9158 | P172: 406.628 | Q172: 9084 | R172: 0.022 | S172: 0 | T172: 0.032 | U172: 0 | V172: 406.567 | W172: 394084209 | X172: 787462 | Y172: 1014649 | Z172: 195306569 | AA172: =W172-(Y172+Z172) -> 197762991 | AB172: 9158 | AC172: 363.589 | AD172: 0 | AE172: 0 | AF172: 9158 | AG172: 0.032 | AH172: 0.65 | AI172: 362.9 | AJ172: 357824652 | AK172: 785136 | AL172: 1005880 | AM172: 177121160 | AN172: =AJ172-(AL172+AM172) -> 179697612
A173: RP_SS_N-900_I-0_R-0.95 | B173: OOM | C173: 3600 | O173: OOM | P173: 3600 | AB173: OOM | AC173: 3600
A174: RP_SS_N-900_I-0_R-0.99 | B174: 22247 | C174: 3630.07 | D174: 22197 | E174: 0.118 | F174: 22247 | G174: 0.173 | H174: 3.759 | I174: 3626.01 | K174: 2705629 | L174: 1925607 | M174: 1112898013 | O174: 22207 | P174: 3620.73 | Q174: 22197 | R174: 0.118 | S174: 0 | T174: 0.173 | U174: 0 | V174: 3620.43 | X174: 2858655 | Y174: 1647471 | Z174: 1129847849 | AB174: 22247 | AC174: 3620.45 | AD174: 0 | AE174: 0 | AF174: 22247 | AG174: 0.174 | AH174: 4.016 | AI174: 3616.25 | AK174: 2705629 | AL174: 1925607 | AM174: 1112898013
A175: RP_SS_N-900_I-1_R-0.95 | B175: OOM | C175: 3600 | O175: OOM | P175: 3600 | AB175: OOM | AC175: 3600
A176: RP_SS_N-900_I-1_R-0.99 | B176: 21802 | C176: 3623.5 | D176: 21732 | E176: 0.146 | F176: 21802 | G176: 0.17 | H176: 3.479 | I176: 3619.7 | K176: 2610357 | L176: 2285761 | M176: 1138715792 | O176: 21763 | P176: 3615.95 | Q176: 21732 | R176: 0.146 | S176: 0 | T176: 0.17 | U176: 0 | V176: 3615.63 | X176: 2748855 | Y176: 1955974 | Z176: 1150877230 | AB176: 21802 | AC176: 3625.38 | AD176: 0 | AE176: 0 | AF176: 21802 | AG176: 0.17 | AH176: 4.219 | AI176: 3620.99 | AK176: 2607458 | AL176: 2280464 | AM176: 1133507768
A177: RP_SS_N-900_I-2_R-0.95 | B177: OOM | C177: 3600 | O177: OOM | P177: 3600 | AB177: OOM | AC177: 3600
A178: RP_SS_N-900_I-2_R-0.99 | B178: 22323 | C178: 3630.68 | D178: 22246 | E178: 0.129 | F178: 22323 | G178: 0.173 | H178: 3.608 | I178: 3626.77 | K178: 2685465 | L178: 2155170 | M178: 1132268230 | O178: 22278 | P178: 3617.5 | Q178: 22246 | R178: 0.129 | S178: 0 | T178: 0.173 | U178: 0 | V178: 3617.19 | X178: 2832567 | Y178: 1766537 | Z178: 1142283938 | AB178: 22323 | AC178: 3609.63 | AD178: 0 | AE178: 0 | AF178: 22323 | AG178: 0.173 | AH178: 4.009 | AI178: 3605.44 | AK178: 2681905 | AL178: 2149927 | AM178: 1126911336
A179: RP_SS_N-900_I-3_R-0.95 | B179: OOM | C179: 3600 | O179: OOM | P179: 3600 | AB179: OOM | AC179: 3600
A180: RP_SS_N-900_I-3_R-0.99 | B180: 21918 | C180: 3628.33 | D180: 21846 | E180: 0.101 | F180: 21918 | G180: 0.171 | H180: 3.546 | I180: 3624.51 | K180: 2678290 | L180: 2110393 | M180: 1114823276 | O180: 21876 | P180: 3610.84 | Q180: 21846 | R180: 0.101 | S180: 0 | T180: 0.171 | U180: 0 | V180: 3610.56 | X180: 2808268 | Y180: 1737157 | Z180: 1127317026 | AB180: 21918 | AC180: 3625.45 | AD180: 0 | AE180: 0 | AF180: 21918 | AG180: 0.17 | AH180: 3.957 | AI180: 3621.31 | AK180: 2678290 | AL180: 2110393 | AM180: 1114823276
A181: RP_SS_N-900_I-4_R-0.95 | B181: OOM | C181: 3600 | O181: OOM | P181: 3600 | AB181: OOM | AC181: 3600
A182: RP_SS_N-900_I-4_R-0.99 | B182: 22294 | C182: 3629.17 | D182: 22206 | E182: 0.146 | F182: 22294 | G182: 0.173 | H182: 3.63 | I182: 3625.22 | K182: 2677601 | L182: 2160683 | M182: 1126051043 | O182: 22235 | P182: 3612.09 | Q182: 22206 | R182: 0.146 | S182: 0 | T182: 0.173 | U182: 0 | V182: 3611.77 | X182: 2875788 | Y182: 1724050 | Z182: 1127531818 | AB182: 22294 | AC182: 3623.13 | AD182: 0 | AE182: 0 | AF182: 22294 | AG182: 0.173 | AH182: 4.009 | AI182: 3618.94 | AK182: 2669544 | AL182: 2122731 | AM182: 1115407202
B183: =AVERAGE(B3:B182) -> 12857.543 | C183: =AVERAGE(C3:C182) -> 232.17114 | D183: =AVERAGE(D3:D182) -> 12757.194 | E183: =AVERAGE(E3:E182) -> 0.029394286 | F183: =AVERAGE(F3:F182) -> 12851.966 | G183: =AVERAGE(G3:G182) -> 0.069485714 | H183: =AVERAGE(H3:H182) -> 0.6006 | I183: =AVERAGE(I3:I182) -> 135.24168 | ... AN183: =AVERAGE(AN3:AN182) -> 27329839
A185: Time (s) | B185: 1-def | C185: 3-maskHLA | D185: 4-maskTS | L185: generated labels | M185: 1-def | N185: 3-maskHLA | O185: 4-maskTS
A186: Minimum | B186: =MIN(C3:C182) -> 0.043 | C186: =min(P3:P182) -> 0.038 | D186: =min(AC3:AC182) -> 0.044 | L186: Minimum | M186: =min(J3:J182) -> 141762 | N186: =min(W3:W182) -> 168652 | O186: =min(AJ3:AJ182) -> 141762
A187: Quartile1 | B187: =QUARTILE(C3:C182, 1) -> 0.64875 | C187: =QUARTILE(P3:P182, 1) -> 0.74925 | D187: =QUARTILE(AC3:AC182, 1) -> 0.698 | L187: Quartile1 | M187: =quartile(J3:J182, 1) -> 2398211.2 | N187: =QUARTILE(W3:W182, 1) -> 2937148.2 | O187: =QUARTILE(AJ3:AJ182, 1) -> 2398211.2
A188: Median | B188: =MEDIAN(C3:C182) -> 4.486 | C188: =MEDIAN(P3:P182) -> 4.9865 | D188: =MEDIAN(AC3:AC182) -> 4.55 | L188: Median | M188: =median(J3:J182) -> 8734758.5 | N188: =MEDIAN(W3:W182) -> 11044142 | O188: =MEDIAN(AJ3:AJ182) -> 8734758.5
A189: Quartile3 | B189: =QUARTILE(C3:C182, 3) -> 34.0425 | C189: =QUARTILE(P3:P182, 3) -> 39.58775 | D189: =QUARTILE(AC3:AC182, 3) -> 33.67825 | L189: Quartile3 | M189: =quartile(J3:J182, 3) -> 78024081 | N189: =QUARTILE(W3:W182, 3) -> 82259339 | O189: =QUARTILE(AJ3:AJ182, 3) -> 78024081
A190: Maximum | B190: =max(C3:C182) -> 3630.68 | C190: =max(P3:P182) -> 3620.73 | D190: =max(AC3:AC182) -> 3625.45 | L190: Maximum | M190: =MAX(J3:J182) -> 454277819 | N190: =MAX(W3:W182) -> 472091097 | O190: =MAX(AJ3:AJ182) -> 454277819
A191: Avg | B191: =average(C3:C182) -> 232.17114 | C191: =average(P3:P182) -> 234.24214 | D191: =average(AC3:AC182) -> 232.2997 | L191: Avg | M191: =AVERAGE(J3:J182) -> 54785754 | N191: =AVERAGE(W3:W182) -> 60090236 | O191: =AVERAGE(AJ3:AJ182) -> 54785754
A192: OOM | B192: =COUNTIF(B3:B182,"OOM") -> 5 | C192: =COUNTIF(O3:O182,"OOM") -> 5 | D192: =COUNTIF(AB3:AB182,"OOM") -> 5
L194: non-dominated labels | M194: 1-def | N194: 3-maskHLA | O194: 4-maskTS
L195: Minimum | M195: =min(N3:N182) -> 69270 | N195: =min(AA3:AA182) -> 79087 | O195: =min(AN3:AN182) -> 69270
L196: Quartile1 | M196: =QUARTILE(N3:N182, 1) -> 1170144.8 | N196: =QUARTILE(AA3:AA182, 1) -> 1434116.8 | O196: =quartile(AN3:AN182, 1) -> 1170144.8
L197: Median | M197: =median(N3:N182) -> 4394644.5 | N197: =MEDIAN(AA3:AA182) -> 5491233 | O197: =MEDIAN(AN3:AN182) -> 4394644.5
L198: Quartile3 | M198: =quartile(N3:N182, 3) -> 38855132 | N198: =quartile(AA3:AA182, 3) -> 40840151 | O198: =QUARTILE(AN3:AN182, 3) -> 38855132
L199: Maximum | M199: =max(N3:N182) -> 226410975 | N199: =max(AA3:AA182) -> 235343459 | O199: =MAX(AN3:AN182) -> 226410975
L200: Avg | M200: =AVERAGE(N3:N182) -> 27329839 | N200: =AVERAGE(AA3:AA182) -> 29973586 | O200: =AVERAGE(AN3:AN182) -> 27329839

Sheet theta=3
A1: Filename | B1: 1-def | O1: 3-maskHLA | AB1: 4-maskTS
B2: My_Obj_Val | C2: My_Time_s | D2: My_TS_Val | E2: my_TSTime | F2: My_HLA_Val | G2: my_fracKPTime | H2: My_HLATime | I2: My_exactTime | J2: my_labelNum | K2: my_nonlabelNum | L2: my_CBfathomedlabelNum | M2: my_dominatedlabelNum | N2: non_dominated | O2: My_Obj_Val | P2: My_Time_s | Q2: My_TS_Val | R2: my_TSTime | S2: My_HLA_Val | T2: my_fracKPTime | U2: My_HLATime | V2: My_exactTime | W2: my_labelNum | X2: my_nonlabelNum | Y2: my_CBfathomedlabelNum | Z2: my_dominatedlabelNum | AA2: non-dominated | AB2: My_Obj_Val | AC2: My_Time_s | AD2: My_TS_Val | AE2: my_TSTime | AF2: My_HLA_Val | AG2: my_fracKPTime | AH2: My_HLATime | AI2: My_exactTime | AJ2: my_labelNum | AK2: my_nonlabelNum | AL2: my_CBfathomedlabelNum | AM2: my_dominatedlabelNum | AN2: non-dominated
A3: RP_ICR_N-100_I-0_R-0.95 | B3: 2804 | C3: 0.032 | D3: 2783 | E3: 0.001 | F3: 2804 | G3: 0.002 | H3: 0.009 | I3: 0.013 | J3: 74159 | K3: 2 | L3: 7981 | M3: 29731 | N3: =J3-(L3+M3) -> 36447 | O3: 2804 | P3: 0.028 | Q3: 2783 | R3: 0.001 | S3: 0 | T3: 0.002 | U3: 0 | V3: 0.019 | W3: 108546 | X3: 2 | Y3: 9086 | Z3: 46633 | AA3: =W3-(Y3+Z3) -> 52827 | AB3: 2804 | AC3: 0.031 | AD3: 0 | AE3: 0 | AF3: 2804 | AG3: 0.002 | AH3: 0.01 | AI3: 0.013 | AJ3: 74159 | AK3: 2 | AL3: 7981 | AM3: 29731 | AN3: =AJ3-(AL3+AM3) -> 36447
A4: RP_ICR_N-100_I-0_R-0.99 | B4: 2672 | C4: 0.098 | D4: 2641 | E4: 0.001 | F4: 2672 | G4: 0.002 | H4: 0.011 | I4: 0.077 | J4: 353302 | K4: 2 | L4: 40937 | M4: 143016 | N4: =J4-(L4+M4) -> 169349 | O4: 2672 | P4: 0.102 | Q4: 2641 | R4: 0.001 | S4: 0 | T4: 0.002 | U4: 0 | V4: 0.094 | W4: 408070 | X4: 2 | Y4: 39894 | Z4: 172545 | AA4: =W4-(Y4+Z4) -> 195631 | AB4: 2672 | AC4: 0.095 | AD4: 0 | AE4: 0 | AF4: 2672 | AG4: 0.002 | AH4: 0.011 | AI4: 0.077 | AJ4: 353302 | AK4: 2 | AL4: 40937 | AM4: 143016 | AN4: =AJ4-(AL4+AM4) -> 169349
A5: RP_ICR_N-100_I-1_R-0.95 | B5: 2767 | C5: 0.033 | D5: 2759 | E5: 0.001 | F5: 2767 | G5: 0.002 | H5: 0.008 | I5: 0.016 | J5: 89074 | K5: 2 | L5: 9122 | M5: 36777 | N5: =J5-(L5+M5) -> 43175 | O5: 2767 | P5: 0.028 | Q5: 2759 | R5: 0.001 | S5: 0 | T5: 0.002 | U5: 0 | V5: 0.02 | W5: 108364 | X5: 2 | Y5: 9305 | Z5: 46735 | AA5: =W5-(Y5+Z5) -> 52324 | AB5: 2767 | AC5: 0.03 | AD5: 0 | AE5: 0 | AF5: 2767 | AG5: 0.002 | AH5: 0.009 | AI5: 0.016 | AJ5: 89074 | AK5: 2 | AL5: 9122 | AM5: 36777 | AN5: =AJ5-(AL5+AM5) -> 43175
A6: RP_ICR_N-100_I-1_R-0.99 | B6: 2633 | C6: 0.129 | D6: 2598 | E6: 0.001 | F6: 2633 | G6: 0.002 | H6: 0.011 | I6: 0.11 | J6: 438887 | K6: 2 | L6: 42875 | M6: 185380 | N6: =J6-(L6+M6) -> 210632 | O6: 2633 | P6: 0.145 | Q6: 2598 | R6: 0.001 | S6: 0 | T6: 0.002 | U6: 0 | V6: 0.137 | W6: 505918 | X6: 2 | Y6: 41827 | Z6: 221560 | AA6: =W6-(Y6+Z6) -> 242531 | AB6: 2633 | AC6: 0.128 | AD6: 0 | AE6: 0 | AF6: 2633 | AG6: 0.002 | AH6: 0.011 | AI6: 0.11 | AJ6: 438887 | AK6: 2 | AL6: 42875 | AM6: 185380 | AN6: =AJ6-(AL6+AM6) -> 210632
A7: RP_ICR_N-100_I-2_R-0.95 | B7: 2778 | C7: 0.031 | D7: 2722 | E7: 0.001 | F7: 2778 | G7: 0.002 | H7: 0.009 | I7: 0.016 | J7: 85407 | K7: 2 | L7: 10247 | M7: 34514 | N7: =J7-(L7+M7) -> 40646 | O7: 2778 | P7: 0.045 | Q7: 2722 | R7: 0.001 | S7: 0 | T7: 0.002 | U7: 0 | V7: 0.037 | W7: 173816 | X7: 2 | Y7: 12608 | Z7: 78663 | AA7: =W7-(Y7+Z7) -> 82545 | AB7: 2778 | AC7: 0.034 | AD7: 0 | AE7: 0 | AF7: 2778 | AG7: 0.002 | AH7: 0.01 | AI7: 0.016 | AJ7: 85407 | AK7: 2 | AL7: 10247 | AM7: 34514 | AN7: =AJ7-(AL7+AM7) -> 40646
A8: RP_ICR_N-100_I-2_R-0.99 | B8: 2638 | C8: 0.17 | D8: 2631 | E8: 0.001 | F8: 2638 | G8: 0.002 | H8: 0.011 | I8: 0.153 | J8: 567305 | K8: 2 | L8: 50113 | M8: 242501 | N8: =J8-(L8+M8) -> 274691 | O8: 2638 | P8: 0.167 | Q8: 2631 | R8: 0.001 | S8: 0 | T8: 0.002 | U8: 0 | V8: 0.159 | W8: 587073 | X8: 2 | Y8: 49644 | Z8: 253307 | AA8: =W8-(Y8+Z8) -> 284122 | AB8: 2638 | AC8: 0.171 | AD8: 0 | AE8: 0 | AF8: 2638 | AG8: 0.002 | AH8: 0.012 | AI8: 0.153 | AJ8: 567305 | AK8: 2 | AL8: 50113 | AM8: 242501 | AN8: =AJ8-(AL8+AM8) -> 274691
A9: RP_ICR_N-100_I-3_R-0.95 | B9: 2428 | C9: 0.028 | D9: 2427 | E9: 0.001 | F9: 2428 | G9: 0.002 | H9: 0.007 | I9: 0.014 | J9: 77605 | K9: 2 | L9: 7360 | M9: 33542 | N9: =J9-(L9+M9) -> 36703 | O9: 2428 | P9: 0.022 | Q9: 2427 | R9: 0.001 | S9: 0 | T9: 0.002 | U9: 0 | V9: 0.014 | W9: 80215 | X9: 2 | Y9: 7397 | Z9: 34880 | AA9: =W9-(Y9+Z9) -> 37938 | AB9: 2428 | AC9: 0.029 | AD9: 0 | AE9: 0 | AF9: 2428 | AG9: 0.002 | AH9: 0.008 | AI9: 0.014 | AJ9: 77605 | AK9: 2 | AL9: 7360 | AM9: 33542 | AN9: =AJ9-(AL9+AM9) -> 36703
A10: RP_ICR_N-100_I-3_R-0.99 | B10: 2287 | C10: 0.126 | D10: 2245 | E10: 0.001 | F10: 2287 | G10: 0.002 | H10: 0.01 | I10: 0.107 | J10: 446404 | K10: 2 | L10: 35618 | M10: 195105 | N10: =J10-(L10+M10) -> 215681 | O10: 2287 | P10: 0.122 | Q10: 2245 | R10: 0.001 | S10: 0 | T10: 0.002 | U10: 0 | V10: 0.114 | W10: 465428 | X10: 2 | Y10: 34924 | Z10: 205780 | AA10: =W10-(Y10+Z10) -> 224724 | AB10: 2287 | AC10: 0.125 | AD10: 0 | AE10: 0 | AF10: 2287 | AG10: 0.002 | AH10: 0.01 | AI10: 0.108 | AJ10: 446404 | AK10: 2 | AL10: 35618 | AM10: 195105 | AN10: =AJ10-(AL10+AM10) -> 215681
A11: RP_ICR_N-100_I-4_R-0.95 | B11: 2557 | C11: 0.03 | D11: 2513 | E11: 0.001 | F11: 2557 | G11: 0.002 | H11: 0.008 | I11: 0.014 | J11: 75228 | K11: 2 | L11: 7383 | M11: 32651 | N11: =J11-(L11+M11) -> 35194 | O11: 2557 | P11: 0.039 | Q11: 2513 | R11: 0.001 | S11: 0 | T11: 0.002 | U11: 0 | V11: 0.029 | W11: 143123 | X11: 2 | Y11: 9463 | Z11: 66124 | AA11: =W11-(Y11+Z11) -> 67536 | AB11: 2557 | AC11: 0.029 | AD11: 0 | AE11: 0 | AF11: 2557 | AG11: 0.002 | AH11: 0.008 | AI11: 0.014 | AJ11: 75228 | AK11: 2 | AL11: 7383 | AM11: 32651 | AN11: =AJ11-(AL11+AM11) -> 35194
A12: RP_ICR_N-100_I-4_R-0.99 | B12: 2422 | C12: 0.13 | D12: 2366 | E12: 0.001 | F12: 2422 | G12: 0.002 | H12: 0.01 | I12: 0.112 | J12: 446725 | K12: 2 | L12: 41856 | M12: 190208 | N12: =J12-(L12+M12) -> 214661 | O12: 2422 | P12: 0.139 | Q12: 2366 | R12: 0.001 | S12: 0 | T12: 0.002 | U12: 0 | V12: 0.13 | W12: 490124 | X12: 2 | Y12: 41457 | Z12: 213756 | AA12: =W12-(Y12+Z12) -> 234911 | AB12: 2422 | AC12: 0.129 | AD12: 0 | AE12: 0 | AF12: 2422 | AG12: 0.002 | AH12: 0.01 | AI12: 0.112 | AJ12: 446725 | AK12: 2 | AL12: 41856 | AM12: 190208 | AN12: =AJ12-(AL12+AM12) -> 214661
A13: RP_ICR_N-400_I-0_R-0.95 | B13: 10493 | C13: 0.334 | D13: 10488 | E13: 0.013 | F13: 10493 | G13: 0.038 | H13: 0.102 | I13: 0.174 | J13: 992441 | K13: 2 | L13: 28491 | M13: 480616 | N13: =J13-(L13+M13) -> 483334 | O13: 10493 | P13: 0.248 | Q13: 10488 | R13: 0.013 | S13: 0 | T13: 0.038 | U13: 0 | V13: 0.191 | W13: 1097106 | X13: 2 | Y13: 30571 | Z13: 532268 | AA13: =W13-(Y13+Z13) -> 534267 | AB13: 10493 | AC13: 0.398 | AD13: 0 | AE13: 0 | AF13: 10493 | AG13: 0.038 | AH13: 0.179 | AI13: 0.174 | AJ13: 992441 | AK13: 2 | AL13: 28491 | AM13: 480616 | AN13: =AJ13-(AL13+AM13) -> 483334
A14: RP_ICR_N-400_I-0_R-0.99 | B14: 10198 | C14: 4.36 | D14: 10149 | E14: 0.013 | F14: 10198 | G14: 0.038 | H14: 0.17 | I14: 4.133 | J14: 11446703 | K14: 2 | L14: 278243 | M14: 5520741 | N14: =J14-(L14+M14) -> 5647719 | O14: 10198 | P14: 5.28 | Q14: 10149 | R14: 0.013 | S14: 0 | T14: 0.037 | U14: 0 | V14: 5.225 | W14: 13452990 | X14: 2 | Y14: 283472 | Z14: 6529403 | AA14: =W14-(Y14+Z14) -> 6640115 | AB14: 10198 | AC14: 4.382 | AD14: 0 | AE14: 0 | AF14: 10198 | AG14: 0.038 | AH14: 0.191 | AI14: 4.148 | AJ14: 11446703 | AK14: 2 | AL14: 278243 | AM14: 5520741 | AN14: =AJ14-(AL14+AM14) -> 5647719
... A122: RP_SCU_N-900_I-4_R-0.99 | B122: 27615 | C122: 117.761 | D122: 27354 | E122: 0.06 | F122: 27609 | G122: 0.177 | H122: 2.261 | I122: 115.256 | J122: 195009294 | K122: 459 | L122: 475141 | M122: 97347948 | N122: =J122-(L122+M122) -> 97186205 | O122: 27615 | P122: 116.481 | Q122: 27354 | R122: 0.06 | S122: 0 | T122: 0.177 | U122: 0 | V122: 116.237 | W122: 200168856 | X122: 459 | Y122: 366328 | Z122: 100000589 | AA122: =W122-(Y122+Z122) -> 99801939 | AB122: 27615 | AC122: 117.468 | AD122: 0 | AE122: 0 | AF122: 27609 | AG122: 0.177 | AH122: 2.548 | AI122: 114.736 | AJ122: 195009294 | AK122: 459 | AL122: 475141 | AM122: 97347948 | AN122: =AJ122-(AL122+AM122) -> 97186205
A123: RP_SC_N-100_I-0_R-0.95 | B123: 3196 | C123: 0.04 | D123: 3144 | E123: 0.001 | F123: 3196 | G123: 0.002 | H123: 0.014 | I123: 0.017 | J123: 141720 | K123: 8 | L123: 14423 | M123: 58333 | N123: =J3-(L3+M3) -> 36447 | O123: 3196 | P123: 0.04 | Q123: 3144 | R123: 0.001 | S123: 0 | T123: 0.002 | U123: 0 | V123: 0.032 | W123: 230064 | X123: 8 | Y123: 16728 | Z123: 101293 | AA123: =W3-(Y3+Z3) -> 52827 | AB123: 3196 | AC123: 0.042 | AD123: 0 | AE123: 0 | AF123: 3196 | AG123: 0.002 | AH123: 0.017 | AI123: 0.018 | AJ123: 141720 | AK123: 8 | AL123: 14423 | AM123: 58333 | AN123: =AJ3-(AL3+AM3) -> 36447
A124: RP_SC_N-100_I-0_R-0.99 | B124: 3047 | C124: 0.221 | D124: 3044 | E124: 0.001 | F124: 3047 | G124: 0.002 | H124: 0.019 | I124: 0.193 | J124: 933987 | K124: 115 | L124: 64586 | M124: 409131 | N124: =J124-(L124+M124) -> 460270 | O124: 3047 | P124: 0.2 | Q124: 3044 | R124: 0.001 | S124: 0 | T124: 0.002 | U124: 0 | V124: 0.194 | W124: 942702 | X124: 115 | Y124: 64491 | Z124: 413665 | AA124: =W124-(Y124+Z124) -> 464546 | AB124: 3047 | AC124: 0.223 | AD124: 0 | AE124: 0 | AF124: 3047 | AG124: 0.002 | AH124: 0.02 | AI124: 0.195 | AJ124: 933987 | AK124: 115 | AL124: 64586 | AM124: 409131 | AN124: =AJ124-(AL124+AM124) -> 460270
A125: RP_SC_N-100_I-1_R-0.95 | B125: 2952 | C125: 0.035 | D125: 2915 | E125: 0.001 | F125: 2952 | G125: 0.002 | H125: 0.012 | I125: 0.015 | J125: 117587 | K125: 83 | L125: 11706 | M125: 47979 | N125: =J125-(L125+M125) -> 57902 | O125: 2952 | P125: 0.034 | Q125: 2915 | R125: 0.001 | S125: 0 | T125: 0.002 | U125: 0 | V125: 0.025 | W125: 178413 | X125: 83 | Y125: 13737 | Z125: 77265 | AA125: =W125-(Y125+Z125) -> 87411 | AB125: 2952 | AC125: 0.038 | AD125: 0 | AE125: 0 | AF125: 2952 | AG125: 0.002 | AH125: 0.015 | AI125: 0.015 | AJ125: 117587 | AK125: 83 | AL125: 11706 | AM125: 47979 | AN125: =AJ125-(AL125+AM125) -> 57902
A126: RP_SC_N-100_I-1_R-0.99 | B126: 2821 | C126: 0.167 | D126: 2787 | E126: 0.001 | F126: 2821 | G126: 0.002 | H126: 0.016 | I126: 0.144 | J126: 737174 | K126: 120 | L126: 76199 | M126: 298001 | N126: =J126-(L126+M126) -> 362974 | O126: 2821 | P126: 0.175 | Q126: 2787 | R126: 0.001 | S126: 0 | T126: 0.002 | U126: 0 | V126: 0.167 | W126: 817312 | X126: 120 | Y126: 76815 | Z126: 338318 | AA126: =W126-(Y126+Z126) -> 402179 | AB126: 2821 | AC126: 0.17 | AD126: 0 | AE126: 0 | AF126: 2821 | AG126: 0.002 | AH126: 0.018 | AI126: 0.145 | AJ126: 737174 | AK126: 120 | AL126: 76199 | AM126: 298001 | AN126: =AJ126-(AL126+AM126) -> 362974
A127: RP_SC_N-100_I-2_R-0.95 | B127: 3165 | C127: 0.058 | D127: 3126 | E127: 0.001 | F127: 3165 | G127: 0.002 | H127: 0.016 | I127: 0.033 | J127: 234526 | K127: 96 | L127: 19228 | M127: 99766 | N127: =J127-(L127+M127) -> 115532 | O127: 3165 | P127: 0.056 | Q127: 3126 | R127: 0.001 | S127: 0 | T127: 0.002 | U127: 0 | V127: 0.048 | W127: 317327 | X127: 96 | Y127: 21596 | Z127: 139923 | AA127: =W127-(Y127+Z127) -> 155808 | AB127: 3165 | AC127: 0.061 | AD127: 0 | AE127: 0 | AF127: 3165 | AG127: 0.002 | AH127: 0.02 | AI127: 0.033 | AJ127: 234526 | AK127: 96 | AL127: 19228 | AM127: 99766 | AN127: =AJ127-(AL127+AM127) -> 115532
A128: RP_SC_N-100_I-2_R-0.99 | B128: 3017 | C128: 0.276 | D128: 2952 | E128: 0.001 | F128: 3017 | G128: 0.002 | H128: 0.018 | I128: 0.249 | J128: 1089647 | K128: 140 | L128: 65326 | M128: 487417 | N128: =J128-(L128+M128) -> 536904 | O128: 3017 | P128: 0.312 | Q128: 2952 | R128: 0.001 | S128: 0 | T128: 0.002 | U128: 0 | V128: 0.304 | W128: 1232939 | X128: 140 | Y128: 62946 | Z128: 563365 | AA128: =W128-(Y128+Z128) -> 606628 | AB128: 3017 | AC128: 0.277 | AD128: 0 | AE128: 0 | AF128: 3017 | AG128: 0.002 | AH128: 0.019 | AI128: 0.25 | AJ128: 1089647 | AK128: 140 | AL128: 65326 | AM128: 487417 | AN128: =AJ128-(AL128+AM128) -> 536904
A129: RP_SC_N-100_I-3_R-0.95 | B129: 3101 | C129: 0.038 | D129: 3091 | E129: 0.001 | F129: 3101 | G129: 0.002 | H129: 0.012 | I129: 0.017 | J129: 135353 | K129: 66 | L129: 18039 | M129: 50927 | N129: =J129-(L129+M129) -> 66387 | O129: 3101 | P129: 0.028 | Q129: 3091 | R129: 0.001 | S129: 0 | T129: 0.002 | U129: 0 | V129: 0.02 | W129: 152907 | X129: 66 | Y129: 18390 | Z129: 59533 | AA129: =W129-(Y129+Z129) -> 74984 | AB129: 3101 | AC129: 0.042 | AD129: 0 | AE129: 0 | AF129: 3101 | AG129: 0.002 | AH129: 0.017 | AI129: 0.017 | AJ129: 135353 | AK129: 66 | AL129: 18039 | AM129: 50927 | AN129: =AJ129-(AL129+AM129) -> 66387
A130: RP_SC_N-100_I-3_R-0.99 | B130: 2964 | C130: 0.174 | D130: 2938 | E130: 0.001 | F130: 2964 | G130: 0.002 | H130: 0.018 | I130: 0.147 | J130: 758998 | K130: 131 | L130: 79294 | M130: 305948 | N130: =J130-(L130+M130) -> 373756 | O130: 2964 | P130: 0.168 | Q130: 2938 | R130: 0.001 | S130: 0 | T130: 0.002 | U130: 0 | V130: 0.162 | W130: 820537 | X130: 131 | Y130: 79076 | Z130: 337524 | AA130: =W130-(Y130+Z130) -> 403937 | AB130: 2964 | AC130: 0.175 | AD130: 0 | AE130: 0 | AF130: 2964 | AG130: 0.002 | AH130: 0.02 | AI130: 0.147 | AJ130: 758998 | AK130: 131 | AL130: 79294 | AM130: 305948 | AN130: =AJ130-(AL130+AM130) -> 373756
A131: RP_SC_N-100_I-4_R-0.95 | B131: 3043 | C131: 0.053 | D131: 2984 | E131: 0.001 | F131: 3043 | G131: 0.002 | H131: 0.015 | I131: 0.031 | J131: 224354 | K131: 66 | L131: 23084 | M131: 91338 | N131: =J131-(L131+M131) -> 109932 | O131: 3043 | P131: 0.058 | Q131: 2984 | R131: 0.001 | S131: 0 | T131: 0.002 | U131: 0 | V131: 0.05 | W131: 318560 | X131: 66 | Y131: 24974 | Z131: 137649 | AA131: =W131-(Y131+Z131) -> 155937 | AB131: 3043 | AC131: 0.057 | AD131: 0 | AE131: 0 | AF131: 3043 | AG131: 0.002 | AH131: 0.017 | AI131: 0.032 | AJ131: 224354 | AK131: 66 | AL131: 23084 | AM131: 91338 | AN131: =AJ131-(AL131+AM131) -> 109932
A132: RP_SC_N-100_I-4_R-0.99 | B132: 2895 | C132: 0.263 | D132: 2871 | E132: 0.001 | F132: 2895 | G132: 0.002 | H132: 0.016 | I132: 0.241 | J132: 1016502 | K132: 118 | L132: 62146 | M132: 453954 | N132: =J132-(L132+M132) -> 500402 | O132: 2895 | P132: 0.267 | Q132: 2871 | R132: 0.001 | S132: 0 | T132: 0.002 | U132: 0 | V132: 0.258 | W132: 1060842 | X132: 118 | Y132: 60978 | Z132: 477956 | AA132: =W132-(Y132+Z132) -> 521908 | AB132: 2895 | AC132: 0.267 | AD132: 0 | AE132: 0 | AF132: 2895 | AG132: 0.002 | AH132: 0.017 | AI132: 0.242 | AJ132: 1016502 | AK132: 118 | AL132: 62146 | AM132: 453954 | AN132: =AJ132-(AL132+AM132) -> 500402
A133: RP_SC_N-400_I-0_R-0.95 | B133: 13027 | C133: 0.485 | D133: 12942 | E133: 0.013 | F133: 13027 | G133: 0.036 | H133: 0.184 | I133: 0.246 | J133: 1914651 | K133: 84 | L133: 77260 | M133: 887896 | N133: =J133-(L133+M133) -> 949495 | O133: 13027 | P133: 0.501 | Q133: 12942 | R133: 0.013 | S133: 0 | T133: 0.036 | U133: 0 | V133: 0.446 | W133: 3014878 | X133: 84 | Y133: 90828 | Z133: 1431129 | AA133: =W133-(Y133+Z133) -> 1492921 | AB133: 13027 | AC133: 0.588 | AD133: 0 | AE133: 0 | AF133: 13027 | AG133: 0.036 | AH133: 0.29 | AI133: 0.256 | AJ133: 1914651 | AK133: 84 | AL133: 77260 | AM133: 887896 | AN133: =AJ133-(AL133+AM133) -> 949495
A134: RP_SC_N-400_I-0_R-0.99 | B134: 12701 | C134: 6.05 | D134: 12607 | E134: 0.013 | F134: 12701 | G134: 0.036 | H134: 0.294 | I134: 5.7 | J134: 18886439 | K134: 152 | L134: 527872 | M134: 8972878 | N134: =J134-(L134+M134) -> 9385689 | O134: 12701 | P134: 7.084 | Q134: 12607 | R134: 0.013 | S134: 0 | T134: 0.036 | U134: 0 | V134: 7.032 | W134: 21827351 | X134: 152 | Y134: 549184 | Z134: 10432604 | AA134: =W134-(Y134+Z134) -> 10845563 | AB134: 12701 | AC134: 6.125 | AD134: 0 | AE134: 0 | AF134: 12701 | AG134: 0.036 | AH134: 0.36 | AI134: 5.726 | AJ134: 18886439 | AK134: 152 | AL134: 527872 | AM134: 8972878 | AN134: =AJ134-(AL134+AM134) -> 9385689
A135: RP_SC_N-400_I-1_R-0.95 | B135: 12424 | C135: 0.329 | D135: 12404 | E135: 0.013 | F135: 12424 | G135: 0.034 | H135: 0.132 | I135: 0.143 | J135: 1180706 | K135: 50 | L135: 49937 | M135: 544765 | N135: =J135-(L135+M135) -> 586004 | O135: 12424 | P135: 0.219 | Q135: 12404 | R135: 0.013 | S135: 0 | T135: 0.034 | U135: 0 | V135: 0.166 | W135: 1366948 | X135: 50 | Y135: 52324 | Z135: 635898 | AA135: =W135-(Y135+Z135) -> 678726 | AB135: 12424 | AC135: 0.453 | AD135: 0 | AE135: 0 | AF135: 12424 | AG135: 0.034 | AH135: 0.263 | AI135: 0.151 | AJ135: 1180706 | AK135: 50 | AL135: 49937 | AM135: 544765 | AN135: =AJ135-(AL135+AM135) -> 586004
... A173: RP_SS_N-900_I-0_R-0.95 | B173: 22810 | C173: 370.402 | D173: 22768 | E173: 0.071 | F173: 22810 | G173: 0.174 | H173: 3.746 | I173: 366.405 | J173: 570085772 | K173: 582068 | L173: 467295 | M173: 283993093 | N173: =J173-(L173+M173) -> 285625384 | O173: 22810 | P173: 381.141 | Q173: 22768 | R173: 0.071 | S173: 0 | T173: 0.173 | U173: 0 | V173: 380.89 | W173: 608049390 | X173: 582068 | Y173: 454473 | Z173: 303013462 | AA173: =W173-(Y173+Z173) -> 304581455 | AB173: 22810 | AC173: 365.18 | AD173: 0 | AE173: 0 | AF173: 22810 | AG173: 0.173 | AH173: 4.092 | AI173: 360.908 | AJ173: 570085772 | AK173: 582068 | AL173: 467295 | AM173: 283993093 | AN173: =AJ173-(AL173+AM173) -> 285625384
A174: RP_SS_N-900_I-0_R-0.99 | B174: OOM | C174: 3600 | O174: OOM | P174: 3600 | AB174: OOM | AC174: 3600
A175: RP_SS_N-900_I-1_R-0.95 | B175: 22355 | C175: 321.105 | D175: 22314 | E175: 0.098 | F175: 22355 | G175: 0.17 | H175: 3.54 | I175: 317.289 | J175: 536128413 | K175: 531105 | L175: 451050 | M175: 267081882 | N175: =J175-(L175+M175) -> 268595481 | O175: 22355 | P175: 334.013 | Q175: 22314 | R175: 0.098 | S175: 0 | T175: 0.17 | U175: 0 | V175: 333.736 | W175: 571104669 | X175: 531105 | Y175: 433061 | Z175: 284611869 | AA175: =W175-(Y175+Z175) -> 286059739 | AB175: 22355 | AC175: 324.711 | AD175: 0 | AE175: 0 | AF175: 22355 | AG175: 0.17 | AH175: 4.002 | AI175: 320.535 | AJ175: 536128413 | AK175: 531105 | AL175: 451050 | AM175: 267081882 | AN175: =AJ175-(AL175+AM175) -> 268595481
A176: RP_SS_N-900_I-1_R-0.99 | B176: OOM | C176: 3600 | O176: OOM | P176: 3600 | AB176: OOM | AC176: 3600
A177: RP_SS_N-900_I-2_R-0.95 | B177: 22890 | C177: 364.499 | D177: 22842 | E177: 0.097 | F177: 22890 | G177: 0.173 | H177: 3.694 | I177: 360.527 | J177: 567452034 | K177: 576322 | L177: 473398 | M177: 282676206 | N177: =J177-(L177+M177) -> 284302430 | O177: 22890 | P177: 374.99 | Q177: 22842 | R177: 0.097 | S177: 0 | T177: 0.174 | U177: 0 | V177: 374.71 | W177: 606749145 | X177: 578230 | Y177: 452484 | Z177: 302371869 | AA177: =W177-(Y177+Z177) -> 303924792 | AB177: 22890 | AC177: 353.187 | AD177: 0 | AE177: 0 | AF177: 22890 | AG177: 0.174 | AH177: 4.425 | AI177: 348.583 | AJ177: 567452034 | AK177: 576322 | AL177: 473398 | AM177: 282676206 | AN177: =AJ177-(AL177+AM177) -> 284302430
A178: RP_SS_N-900_I-2_R-0.99 | B178: OOM | C178: 3600 | O178: OOM | P178: 3600 | AB178: OOM | AC178: 3600
A179: RP_SS_N-900_I-3_R-0.95 | B179: 22476 | C179: 385.185 | D179: 22446 | E179: 0.07 | F179: 22476 | G179: 0.17 | H179: 3.662 | I179: 381.275 | J179: 583658460 | K179: 567362 | L179: 496411 | M179: 290765000 | N179: =J179-(L179+M179) -> 292397049 | O179: 22476 | P179: 399.156 | Q179: 22446 | R179: 0.07 | S179: 0 | T179: 0.17 | U179: 0 | V179: 398.909 | W179: 617415233 | X179: 567362 | Y179: 485403 | Z179: 307676913 | AA179: =W179-(Y179+Z179) -> 309252917 | AB179: 22476 | AC179: 388.349 | AD179: 0 | AE179: 0 | AF179: 22476 | AG179: 0.171 | AH179: 4.38 | AI179: 383.791 | AJ179: 583658460 | AK179: 567362 | AL179: 496411 | AM179: 290765000 | AN179: =AJ179-(AL179+AM179) -> 292397049
A180: RP_SS_N-900_I-3_R-0.99 | B180: OOM | C180: 3600 | O180: OOM | P180: 3600 | AB180: OOM | AC180: 3600
A181: RP_SS_N-900_I-4_R-0.95 | B181: 22863 | C181: 372.329 | D181: 22820 | E181: 0.065 | F181: 22863 | G181: 0.173 | H181: 3.807 | I181: 368.277 | J181: 581623566 | K181: 566350 | L181: 468297 | M181: 289776983 | N181: =J181-(L181+M181) -> 291378286 | O181: 22863 | P181: 393.479 | Q181: 22820 | R181: 0.065 | S181: 0 | T181: 0.173 | U181: 0 | V181: 393.236 | W181: 624182308 | X181: 566350 | Y181: 451386 | Z181: 311101896 | AA181: =W181-(Y181+Z181) -> 312629026 | AB181: 22863 | AC181: 375.159 | AD181: 0 | AE181: 0 | AF181: 22863 | AG181: 0.173 | AH181: 4.148 | AI181: 370.832 | AJ181: 581623566 | AK181: 566350 | AL181: 468297 | AM181: 289776983 | AN181: =AJ181-(AL181+AM181) -> 291378286
A182: RP_SS_N-900_I-4_R-0.99 | B182: OOM | C182: 3600 | O182: -1 | P182: -1 | Q182: -1 | R182: -1 | S182: -1 | T182: -1 | U182: -1 | V182: -1 | W182: -1 | X182: -1 | Y182: -1 | Z182: -1 | AA182: =W182-(Y182+Z182) -> 1 | AB182: OOM | AC182: 3600
B183: =AVERAGE(B3:B182) -> 12873.6 | C183: =AVERAGE(C3:C182) -> 124.41702 | D183: =AVERAGE(D3:D182) -> 12774.126 | E183: =AVERAGE(E3:E182) -> 0.028022857 | F183: =AVERAGE(F3:F182) -> 12867.994 | G183: =AVERAGE(G3:G182) -> 0.069502857 | H183: =AVERAGE(H3:H182) -> 0.59704 | I183: =AVERAGE(I3:I182) -> 24.413863 | ... AN183: =AVERAGE(AN3:AN182) -> 20966920
A185: Time (s) | B185: 1-def | C185: 3-maskHLA | D185: 4-maskTS | L185: generated labels | M185: 1-def | N185: 3-maskHLA | O185: 4-maskTS
A186: Minimum | B186: =MIN(C3:C182) -> 0.028 | C186: =min(P3:P182) -> -1 | D186: =min(AC3:AC182) -> 0.029 | L186: Minimum | M186: =min(J3:J182) -> 74159 | N186: =min(W3:W182) -> -1 | O186: =min(AJ3:AJ182) -> 74159
A187: Quartile1 | B187: =QUARTILE(C3:C182, 1) -> 0.3485 | C187: =QUARTILE(P3:P182, 1) -> 0.29225 | D187: =QUARTILE(AC3:AC182, 1) -> 0.4265 | L187: Quartile1 | M187: =quartile(J3:J182, 1) -> 1087203 | N187: =QUARTILE(W3:W182, 1) -> 1329858.5 | O187: =QUARTILE(AJ3:AJ182, 1) -> 1087203
A188: Median | B188: =MEDIAN(C3:C182) -> 1.953 | C188: =MEDIAN(P3:P182) -> 2.047 | D188: =MEDIAN(AC3:AC182) -> 2.1755 | L188: Median | M188: =median(J3:J182) -> 4427609 | N188: =MEDIAN(W3:W182) -> 5316337.5 | O188: =MEDIAN(AJ3:AJ182) -> 4427609
A189: Quartile3 | B189: =QUARTILE(C3:C182, 3) -> 15.36025 | C189: =QUARTILE(P3:P182, 3) -> 16.39375 | D189: =QUARTILE(AC3:AC182, 3) -> 15.873 | L189: Quartile3 | M189: =quartile(J3:J182, 3) -> 39251476 | N189: =QUARTILE(W3:W182, 3) -> 43606582 | O189: =QUARTILE(AJ3:AJ182, 3) -> 39251476
A190: Maximum | B190: =max(C3:C182) -> 3600 | C190: =max(P3:P182) -> 3600 | D190: =max(AC3:AC182) -> 3600 | L190: Maximum | M190: =MAX(J3:J182) -> 583658460 | N190: =MAX(W3:W182) -> 624182308 | O190: =MAX(AJ3:AJ182) -> 583658460
A191: Avg | B191: =average(C3:C182) -> 124.41702 | C191: =average(P3:P182) -> 105.28082 | D191: =average(AC3:AC182) -> 124.49681 | L191: Avg | M191: =AVERAGE(J3:J182) -> 41955960 | N191: =AVERAGE(W3:W182) -> 45012063 | O191: =AVERAGE(AJ3:AJ182) -> 41955960
A192: OOM | B192: =COUNTIF(B3:B182,"OOM") -> 5 | C192: =COUNTIF(O3:O182,"OOM") -> 4 | D192: =COUNTIF(AB3:AB182,"OOM") -> 5
L194: non-dominated labels | M194: 1-def | N194: 3-maskHLA | O194: 4-maskTS
L195: Minimum | M195: =min(N3:N182) -> 35194 | N195: =min(AA3:AA182) -> 1 | O195: =min(AN3:AN182) -> 35194
L196: Quartile1 | M196: =QUARTILE(N3:N182, 1) -> 534061.5 | N196: =QUARTILE(AA3:AA182, 1) -> 653078.5 | O196: =quartile(AN3:AN182, 1) -> 534061.5
L197: Median | M197: =median(N3:N182) -> 2191165 | N197: =MEDIAN(AA3:AA182) -> 2635538.5 | O197: =MEDIAN(AN3:AN182) -> 2191165
L198: Quartile3 | M198: =quartile(N3:N182, 3) -> 19493700 | N198: =quartile(AA3:AA182, 3) -> 21618645 | O198: =QUARTILE(AN3:AN182, 3) -> 19493700
L199: Maximum | M199: =max(N3:N182) -> 292397049 | N199: =max(AA3:AA182) -> 312629026 | O199: =MAX(AN3:AN182) -> 292397049
L200: Avg | M200: =AVERAGE(N3:N182) -> 20966920 | N200: =AVERAGE(AA3:AA182) -> 22491897 | O200: =AVERAGE(AN3:AN182) -> 20966920

Sheet theta=6
A1: Filename | B1: 1-def | O1: 3-maskHLA | AB1: 4-maskTS
B2: My_Obj_Val | C2: My_Time_s | D2: My_TS_Val | E2: my_TSTime | F2: My_HLA_Val | G2: my_fracKPTime | H2: My_HLATime | I2: My_exactTime | J2: my_labelNum | K2: my_nonlabelNum | L2: my_CBfathomedlabelNum | M2: my_dominatedlabelNum | N2: non_dominated | O2: My_Obj_Val | P2: My_Time_s | Q2: My_TS_Val | R2: my_TSTime | S2: My_HLA_Val | T2: my_fracKPTime | U2: My_HLATime | V2: My_exactTime | W2: my_labelNum | X2: my_nonlabelNum | Y2: my_CBfathomedlabelNum | Z2: my_dominatedlabelNum | AA2: non-dominated | AB2: My_Obj_Val | AC2: My_Time_s | AD2: My_TS_Val | AE2: my_TSTime | AF2: My_HLA_Val | AG2: my_fracKPTime | AH2: My_HLATime | AI2: My_exactTime | AJ2: my_labelNum | AK2: my_nonlabelNum | AL2: my_CBfathomedlabelNum | AM2: my_dominatedlabelNum | AN2: non-dominated
A3: RP_ICR_N-100_I-0_R-0.95 | B3: 2804 | C3: 0.03 | D3: 2783 | E3: 0.001 | F3: 2804 | G3: 0.002 | H3: 0.009 | I3: 0.01 | J3: 58461 | K3: 2 | L3: 4999 | M3: 24522 | N3: =J3-(L3+M3) -> 28940 | O3: 2804 | P3: 0.023 | Q3: 2783 | R3: 0.001 | S3: 0 | T3: 0.002 | U3: 0 | V3: 0.015 | W3: 81976 | X3: 2 | Y3: 5296 | Z3: 36306 | AA3: =W3-(Y3+Z3) -> 40374 | AB3: 2804 | AC3: 0.029 | AD3: 0 | AE3: 0 | AF3: 2804 | AG3: 0.002 | AH3: 0.011 | AI3: 0.01 | AJ3: 58461 | AK3: 2 | AL3: 4999 | AM3: 24522 | AN3: =AJ3-(AL3+AM3) -> 28940
A4: RP_ICR_N-100_I-0_R-0.99 | B4: 2672 | C4: 0.075 | D4: 2641 | E4: 0.001 | F4: 2672 | G4: 0.002 | H4: 0.01 | I4: 0.055 | J4: 245281 | K4: 2 | L4: 26613 | M4: 100702 | N4: =J4-(L4+M4) -> 117966 | O4: 2672 | P4: 0.074 | Q4: 2641 | R4: 0.001 | S4: 0 | T4: 0.002 | U4: 0 | V4: 0.066 | W4: 277852 | X4: 2 | Y4: 25764 | Z4: 118449 | AA4: =W4-(Y4+Z4) -> 133639 | AB4: 2672 | AC4: 0.073 | AD4: 0 | AE4: 0 | AF4: 2672 | AG4: 0.002 | AH4: 0.011 | AI4: 0.055 | AJ4: 245281 | AK4: 2 | AL4: 26613 | AM4: 100702 | AN4: =AJ4-(AL4+AM4) -> 117966
A5: RP_ICR_N-100_I-1_R-0.95 | B5: 2767 | C5: 0.029 | D5: 2759 | E5: 0.001 | F5: 2767 | G5: 0.002 | H5: 0.008 | I5: 0.011 | J5: 60699 | K5: 2 | L5: 5004 | M5: 25745 | N5: =J5-(L5+M5) -> 29950 | O5: 2767 | P5: 0.018 | Q5: 2759 | R5: 0.001 | S5: 0 | T5: 0.002 | U5: 0 | V5: 0.013 | W5: 70079 | X5: 2 | Y5: 5110 | Z5: 30538 | AA5: =W5-(Y5+Z5) -> 34431 | AB5: 2767 | AC5: 0.027 | AD5: 0 | AE5: 0 | AF5: 2767 | AG5: 0.002 | AH5: 0.009 | AI5: 0.011 | AJ5: 60699 | AK5: 2 | AL5: 5004 | AM5: 25745 | AN5: =AJ5-(AL5+AM5) -> 29950
A6: RP_ICR_N-100_I-1_R-0.99 | B6: 2633 | C6: 0.085 | D6: 2598 | E6: 0.001 | F6: 2633 | G6: 0.002 | H6: 0.01 | I6: 0.064 | J6: 263393 | K6: 2 | L6: 24663 | M6: 111939 | N6: =J6-(L6+M6) -> 126791 | O6: 2633 | P6: 0.082 | Q6: 2598 | R6: 0.001 | S6: 0 | T6: 0.002 | U6: 0 | V6: 0.077 | W6: 294203 | X6: 2 | Y6: 23996 | Z6: 128757 | AA6: =W6-(Y6+Z6) -> 141450 | AB6: 2633 | AC6: 0.082 | AD6: 0 | AE6: 0 | AF6: 2633 | AG6: 0.002 | AH6: 0.01 | AI6: 0.065 | AJ6: 263393 | AK6: 2 | AL6: 24663 | AM6: 111939 | AN6: =AJ6-(AL6+AM6) -> 126791
A7: RP_ICR_N-100_I-2_R-0.95 | B7: 2778 | C7: 0.031 | D7: 2722 | E7: 0.001 | F7: 2778 | G7: 0.002 | H7: 0.01 | I7: 0.012 | J7: 62626 | K7: 2 | L7: 6691 | M7: 25864 | N7: =J7-(L7+M7) -> 30071 | O7: 2778 | P7: 0.036 | Q7: 2722 | R7: 0.001 | S7: 0 | T7: 0.002 | U7: 0 | V7: 0.028 | W7: 130679 | X7: 2 | Y7: 7957 | Z7: 60047 | AA7: =W7-(Y7+Z7) -> 62675 | AB7: 2778 | AC7: 0.031 | AD7: 0 | AE7: 0 | AF7: 2778 | AG7: 0.002 | AH7: 0.011 | AI7: 0.012 | AJ7: 62626 | AK7: 2 | AL7: 6691 | AM7: 25864 | AN7: =AJ7-(AL7+AM7) -> 30071
A8: RP_ICR_N-100_I-2_R-0.99 | B8: 2638 | C8: 0.128 | D8: 2631 | E8: 0.001 | F8: 2638 | G8: 0.002 | H8: 0.011 | I8: 0.108 | J8: 380728 | K8: 2 | L8: 30937 | M8: 165172 | N8: =J8-(L8+M8) -> 184619 | O8: 2638 | P8: 0.12 | Q8: 2631 | R8: 0.001 | S8: 0 | T8: 0.002 | U8: 0 | V8: 0.112 | W8: 391928 | X8: 2 | Y8: 30678 | Z8: 171282 | AA8: =W8-(Y8+Z8) -> 189968 | AB8: 2638 | AC8: 0.126 | AD8: 0 | AE8: 0 | AF8: 2638 | AG8: 0.002 | AH8: 0.011 | AI8: 0.108 | AJ8: 380728 | AK8: 2 | AL8: 30937 | AM8: 165172 | AN8: =AJ8-(AL8+AM8) -> 184619
A9: RP_ICR_N-100_I-3_R-0.95 | B9: 2428 | C9: 0.025 | D9: 2427 | E9: 0.001 | F9: 2428 | G9: 0.002 | H9: 0.007 | I9: 0.01 | J9: 56338 | K9: 2 | L9: 4534 | M9: 24627 | N9: =J9-(L9+M9) -> 27177 | O9: 2428 | P9: 0.018 | Q9: 2427 | R9: 0.001 | S9: 0 | T9: 0.002 | U9: 0 | V9: 0.01 | W9: 57457 | X9: 2 | Y9: 4509 | Z9: 25235 | AA9: =W9-(Y9+Z9) -> 27713 | AB9: 2428 | AC9: 0.026 | AD9: 0 | AE9: 0 | AF9: 2428 | AG9: 0.002 | AH9: 0.009 | AI9: 0.01 | AJ9: 56338 | AK9: 2 | AL9: 4534 | AM9: 24627 | AN9: =AJ9-(AL9+AM9) -> 27177
A10: RP_ICR_N-100_I-3_R-0.99 | B10: 2287 | C10: 0.083 | D10: 2245 | E10: 0.001 | F10: 2287 | G10: 0.002 | H10: 0.009 | I10: 0.063 | J10: 264250 | K10: 2 | L10: 19507 | M10: 116621 | N10: =J10-(L10+M10) -> 128122 | O10: 2287 | P10: 0.075 | Q10: 2245 | R10: 0.001 | S10: 0 | T10: 0.002 | U10: 0 | V10: 0.066 | W10: 274753 | X10: 2 | Y10: 19070 | Z10: 122490 | AA10: =W10-(Y10+Z10) -> 133193 | AB10: 2287 | AC10: 0.08 | AD10: 0 | AE10: 0 | AF10: 2287 | AG10: 0.002 | AH10: 0.009 | AI10: 0.063 | AJ10: 264250 | AK10: 2 | AL10: 19507 | AM10: 116621 | AN10: =AJ10-(AL10+AM10) -> 128122
A11: RP_ICR_N-100_I-4_R-0.95 | B11: 2557 | C11: 0.026 | D11: 2513 | E11: 0.001 | F11: 2557 | G11: 0.002 | H11: 0.008 | I11: 0.009 | J11: 50327 | K11: 2 | L11: 4860 | M11: 21687 | N11: =J11-(L11+M11) -> 23780 | O11: 2557 | P11: 0.025 | Q11: 2513 | R11: 0.001 | S11: 0 | T11: 0.002 | U11: 0 | V11: 0.017 | W11: 86676 | X11: 2 | Y11: 5649 | Z11: 39731 | AA11: =W11-(Y11+Z11) -> 41296 | AB11: 2557 | AC11: 0.025 | AD11: 0 | AE11: 0 | AF11: 2557 | AG11: 0.002 | AH11: 0.009 | AI11: 0.009 | AJ11: 50327 | AK11: 2 | AL11: 4860 | AM11: 21687 | AN11: =AJ11-(AL11+AM11) -> 23780
A12: RP_ICR_N-100_I-4_R-0.99 | B12: 2422 | C12: 0.083 | D12: 2366 | E12: 0.001 | F12: 2422 | G12: 0.002 | H12: 0.01 | I12: 0.064 | J12: 257507 | K12: 2 | L12: 23774 | M12: 109824 | N12: =J12-(L12+M12) -> 123909 | O12: 2422 | P12: 0.08 | Q12: 2366 | R12: 0.001 | S12: 0 | T12: 0.002 | U12: 0 | V12: 0.072 | W12: 279118 | X12: 2 | Y12: 23210 | Z12: 121744 | AA12: =W12-(Y12+Z12) -> 134164 | AB12: 2422 | AC12: 0.081 | AD12: 0 | AE12: 0 | AF12: 2422 | AG12: 0.002 | AH12: 0.01 | AI12: 0.064 | AJ12: 257507 | AK12: 2 | AL12: 23774 | AM12: 109824 | AN12: =AJ12-(AL12+AM12) -> 123909
A13: RP_ICR_N-400_I-0_R-0.95 | B13: 10493 | C13: 0.287 | D13: 10488 | E13: 0.013 | F13: 10493 | G13: 0.038 | H13: 0.106 | I13: 0.123 | J13: 708229 | K13: 2 | L13: 18285 | M13: 341305 | N13: =J13-(L13+M13) -> 348639 | O13: 10493 | P13: 0.184 | Q13: 10488 | R13: 0.013 | S13: 0 | T13: 0.038 | U13: 0 | V13: 0.129 | W13: 746977 | X13: 2 | Y13: 18496 | Z13: 360739 | AA13: =W13-(Y13+Z13) -> 367742 | AB13: 10493 | AC13: 0.352 | AD13: 0 | AE13: 0 | AF13: 10493 | AG13: 0.037 | AH13: 0.184 | AI13: 0.124 | AJ13: 708229 | AK13: 2 | AL13: 18285 | AM13: 341305 | AN13: =AJ13-(AL13+AM13) -> 348639
A14: RP_ICR_N-400_I-0_R-0.99 | B14: 10198 | C14: 2.425 | D14: 10149 | E14: 0.013 | F14: 10198 | G14: 0.038 | H14: 0.177 | I14: 2.189 | J14: 6490431 | K14: 2 | L14: 150203 | M14: 3137238 | N14: =J14-(L14+M14) -> 3202990 | O14: 10198 | P14: 2.859 | Q14: 10149 | R14: 0.013 | S14: 0 | T14: 0.038 | U14: 0 | V14: 2.802 | W14: 7667666 | X14: 2 | Y14: 152176 | Z14: 3728996 | AA14: =W14-(Y14+Z14) -> 3786494 | AB14: 10198 | AC14: 2.423 | AD14: 0 | AE14: 0 | AF14: 10198 | AG14: 0.038 | AH14: 0.195 | AI14: 2.184 | AJ14: 6490431 | AK14: 2 | AL14: 150203 | AM14: 3137238 | AN14: =AJ14-(AL14+AM14) -> 3202990
... A122: RP_SCU_N-900_I-4_R-0.99 | B122: 27615 | C122: 81.814 | D122: 27354 | E122: 0.06 | F122: 27609 | G122: 0.177 | H122: 2.419 | I122: 79.149 | J122: 125268230 | K122: 459 | L122: 345701 | M122: 62485278 | N122: =J122-(L122+M122) -> 62437251 | O122: 27615 | P122: 74.792 | Q122: 27354 | R122: 0.06 | S122: 0 | T122: 0.177 | U122: 0 | V122: 74.548 | W122: 128299980 | X122: 459 | Y122: 250518 | Z122: 64061340 | AA122: =W122-(Y122+Z122) -> 63988122 | AB122: 27615 | AC122: 77.814 | AD122: 0 | AE122: 0 | AF122: 27609 | AG122: 0.177 | AH122: 2.566 | AI122: 75.065 | AJ122: 125268230 | AK122: 459 | AL122: 345701 | AM122: 62485278 | AN122: =AJ122-(AL122+AM122) -> 62437251
A123: RP_SC_N-100_I-0_R-0.95 | B123: 3196 | C123: 0.038 | D123: 3144 | E123: 0.001 | F123: 3196 | G123: 0.002 | H123: 0.015 | I123: 0.013 | J123: 115094 | K123: 8 | L123: 10886 | M123: 47460 | N123: =J3-(L3+M3) -> 28940 | O123: 3196 | P123: 0.023 | Q123: 3144 | R123: 0.001 | S123: 0 | T123: 0.002 | U123: 0 | V123: 0.018 | W123: 149973 | X123: 8 | Y123: 11683 | Z123: 64487 | AA123: =W3-(Y3+Z3) -> 40374 | AB123: 3196 | AC123: 0.039 | AD123: 0 | AE123: 0 | AF123: 3196 | AG123: 0.002 | AH123: 0.018 | AI123: 0.014 | AJ123: 115094 | AK123: 8 | AL123: 10886 | AM123: 47460 | AN123: =AJ3-(AL3+AM3) -> 28940
A124: RP_SC_N-100_I-0_R-0.99 | B124: 3047 | C124: 0.129 | D124: 3044 | E124: 0.001 | F124: 3047 | G124: 0.002 | H124: 0.021 | I124: 0.098 | J124: 503580 | K124: 115 | L124: 33073 | M124: 221788 | N124: =J124-(L124+M124) -> 248719 | O124: 3047 | P124: 0.106 | Q124: 3044 | R124: 0.001 | S124: 0 | T124: 0.002 | U124: 0 | V124: 0.098 | W124: 507965 | X124: 115 | Y124: 32986 | Z124: 224077 | AA124: =W124-(Y124+Z124) -> 250902 | AB124: 3047 | AC124: 0.127 | AD124: 0 | AE124: 0 | AF124: 3047 | AG124: 0.002 | AH124: 0.022 | AI124: 0.098 | AJ124: 503580 | AK124: 115 | AL124: 33073 | AM124: 221788 | AN124: =AJ124-(AL124+AM124) -> 248719
A125: RP_SC_N-100_I-1_R-0.95 | B125: 2952 | C125: 0.037 | D125: 2915 | E125: 0.001 | F125: 2952 | G125: 0.002 | H125: 0.013 | I125: 0.012 | J125: 98625 | K125: 83 | L125: 8313 | M125: 40834 | N125: =J125-(L125+M125) -> 49478 | O125: 2952 | P125: 0.022 | Q125: 2915 | R125: 0.001 | S125: 0 | T125: 0.002 | U125: 0 | V125: 0.014 | W125: 118066 | X125: 83 | Y125: 8382 | Z125: 50467 | AA125: =W125-(Y125+Z125) -> 59217 | AB125: 2952 | AC125: 0.036 | AD125: 0 | AE125: 0 | AF125: 2952 | AG125: 0.002 | AH125: 0.016 | AI125: 0.012 | AJ125: 98625 | AK125: 83 | AL125: 8313 | AM125: 40834 | AN125: =AJ125-(AL125+AM125) -> 49478
A126: RP_SC_N-100_I-1_R-0.99 | B126: 2821 | C126: 0.104 | D126: 2787 | E126: 0.001 | F126: 2821 | G126: 0.002 | H126: 0.018 | I126: 0.077 | J126: 413681 | K126: 116 | L126: 41735 | M126: 167705 | N126: =J126-(L126+M126) -> 204241 | O126: 2821 | P126: 0.097 | Q126: 2787 | R126: 0.001 | S126: 0 | T126: 0.002 | U126: 0 | V126: 0.089 | W126: 455428 | X126: 116 | Y126: 41968 | Z126: 188721 | AA126: =W126-(Y126+Z126) -> 224739 | AB126: 2821 | AC126: 0.105 | AD126: 0 | AE126: 0 | AF126: 2821 | AG126: 0.002 | AH126: 0.019 | AI126: 0.078 | AJ126: 413681 | AK126: 116 | AL126: 41735 | AM126: 167705 | AN126: =AJ126-(AL126+AM126) -> 204241
A127: RP_SC_N-100_I-2_R-0.95 | B127: 3165 | C127: 0.047 | D127: 3126 | E127: 0.001 | F127: 3165 | G127: 0.002 | H127: 0.018 | I127: 0.019 | J127: 147779 | K127: 88 | L127: 7276 | M127: 66748 | N127: =J127-(L127+M127) -> 73755 | O127: 3165 | P127: 0.031 | Q127: 3126 | R127: 0.001 | S127: 0 | T127: 0.002 | U127: 0 | V127: 0.023 | W127: 176579 | X127: 88 | Y127: 8310 | Z127: 80472 | AA127: =W127-(Y127+Z127) -> 87797 | AB127: 3165 | AC127: 0.047 | AD127: 0 | AE127: 0 | AF127: 3165 | AG127: 0.002 | AH127: 0.021 | AI127: 0.019 | AJ127: 147779 | AK127: 88 | AL127: 7276 | AM127: 66748 | AN127: =AJ127-(AL127+AM127) -> 73755
A128: RP_SC_N-100_I-2_R-0.99 | B128: 3017 | C128: 0.158 | D128: 2952 | E128: 0.001 | F128: 3017 | G128: 0.002 | H128: 0.019 | I128: 0.128 | J128: 597431 | K128: 135 | L128: 33398 | M128: 268738 | N128: =J128-(L128+M128) -> 295295 | O128: 3017 | P128: 0.161 | Q128: 2952 | R128: 0.001 | S128: 0 | T128: 0.002 | U128: 0 | V128: 0.153 | W128: 667231 | X128: 135 | Y128: 32174 | Z128: 305764 | AA128: =W128-(Y128+Z128) -> 329293 | AB128: 3017 | AC128: 0.155 | AD128: 0 | AE128: 0 | AF128: 3017 | AG128: 0.002 | AH128: 0.021 | AI128: 0.13 | AJ128: 597431 | AK128: 135 | AL128: 33398 | AM128: 268738 | AN128: =AJ128-(AL128+AM128) -> 295295
A129: RP_SC_N-100_I-3_R-0.95 | B129: 3101 | C129: 0.037 | D129: 3091 | E129: 0.001 | F129: 3101 | G129: 0.002 | H129: 0.013 | I129: 0.013 | J129: 109614 | K129: 66 | L129: 10442 | M129: 44498 | N129: =J129-(L129+M129) -> 54674 | O129: 3101 | P129: 0.02 | Q129: 3091 | R129: 0.001 | S129: 0 | T129: 0.002 | U129: 0 | V129: 0.014 | W129: 117454 | X129: 66 | Y129: 10274 | Z129: 48557 | AA129: =W129-(Y129+Z129) -> 58623 | AB129: 3101 | AC129: 0.039 | AD129: 0 | AE129: 0 | AF129: 3101 | AG129: 0.002 | AH129: 0.018 | AI129: 0.013 | AJ129: 109614 | AK129: 66 | AL129: 10442 | AM129: 44498 | AN129: =AJ129-(AL129+AM129) -> 54674
A130: RP_SC_N-100_I-3_R-0.99 | B130: 2964 | C130: 0.108 | D130: 2938 | E130: 0.001 | F130: 2964 | G130: 0.002 | H130: 0.02 | I130: 0.079 | J130: 426621 | K130: 106 | L130: 42589 | M130: 173449 | N130: =J130-(L130+M130) -> 210583 | O130: 2964 | P130: 0.095 | Q130: 2938 | R130: 0.001 | S130: 0 | T130: 0.002 | U130: 0 | V130: 0.087 | W130: 457460 | X130: 106 | Y130: 42462 | Z130: 189282 | AA130: =W130-(Y130+Z130) -> 225716 | AB130: 2964 | AC130: 0.108 | AD130: 0 | AE130: 0 | AF130: 2964 | AG130: 0.002 | AH130: 0.021 | AI130: 0.079 | AJ130: 426621 | AK130: 106 | AL130: 42589 | AM130: 173449 | AN130: =AJ130-(AL130+AM130) -> 210583
A131: RP_SC_N-100_I-4_R-0.95 | B131: 3043 | C131: 0.043 | D131: 2984 | E131: 0.001 | F131: 3043 | G131: 0.002 | H131: 0.017 | I131: 0.017 | J131: 141240 | K131: 66 | L131: 10396 | M131: 60513 | N131: =J131-(L131+M131) -> 70331 | O131: 3043 | P131: 0.032 | Q131: 2984 | R131: 0.001 | S131: 0 | T131: 0.002 | U131: 0 | V131: 0.024 | W131: 177916 | X131: 66 | Y131: 12803 | Z131: 77335 | AA131: =W131-(Y131+Z131) -> 87778 | AB131: 3043 | AC131: 0.044 | AD131: 0 | AE131: 0 | AF131: 3043 | AG131: 0.002 | AH131: 0.019 | AI131: 0.017 | AJ131: 141240 | AK131: 66 | AL131: 10396 | AM131: 60513 | AN131: =AJ131-(AL131+AM131) -> 70331
A132: RP_SC_N-100_I-4_R-0.99 | B132: 2895 | C132: 0.153 | D132: 2871 | E132: 0.001 | F132: 2895 | G132: 0.002 | H132: 0.018 | I132: 0.125 | J132: 554818 | K132: 99 | L132: 31669 | M132: 249708 | N132: =J132-(L132+M132) -> 273441 | O132: 2895 | P132: 0.14 | Q132: 2871 | R132: 0.001 | S132: 0 | T132: 0.002 | U132: 0 | V132: 0.132 | W132: 576273 | X132: 99 | Y132: 31043 | Z132: 261361 | AA132: =W132-(Y132+Z132) -> 283869 | AB132: 2895 | AC132: 0.152 | AD132: 0 | AE132: 0 | AF132: 2895 | AG132: 0.002 | AH132: 0.019 | AI132: 0.126 | AJ132: 554818 | AK132: 99 | AL132: 31669 | AM132: 249708 | AN132: =AJ132-(AL132+AM132) -> 273441
A133: RP_SC_N-400_I-0_R-0.95 | B133: 13027 | C133: 0.418 | D133: 12942 | E133: 0.013 | F133: 13027 | G133: 0.036 | H133: 0.191 | I133: 0.168 | J133: 1408027 | K133: 84 | L133: 46382 | M133: 659084 | N133: =J133-(L133+M133) -> 702561 | O133: 13027 | P133: 0.259 | Q133: 12942 | R133: 0.013 | S133: 0 | T133: 0.036 | U133: 0 | V133: 0.204 | W133: 1767382 | X133: 84 | Y133: 46586 | Z133: 838572 | AA133: =W133-(Y133+Z133) -> 882224 | AB133: 13027 | AC133: 0.518 | AD133: 0 | AE133: 0 | AF133: 13027 | AG133: 0.036 | AH133: 0.301 | AI133: 0.176 | AJ133: 1408027 | AK133: 84 | AL133: 46382 | AM133: 659084 | AN133: =AJ133-(AL133+AM133) -> 702561
A134: RP_SC_N-400_I-0_R-0.99 | B134: 12701 | C134: 2.84 | D134: 12607 | E134: 0.013 | F134: 12701 | G134: 0.036 | H134: 0.309 | I134: 2.471 | J134: 9897581 | K134: 152 | L134: 282882 | M134: 4694817 | N134: =J134-(L134+M134) -> 4919882 | O134: 12701 | P134: 3.2 | Q134: 12607 | R134: 0.013 | S134: 0 | T134: 0.036 | U134: 0 | V134: 3.147 | W134: 11592238 | X134: 152 | Y134: 293713 | Z134: 5536863 | AA134: =W134-(Y134+Z134) -> 5761662 | AB134: 12701 | AC134: 2.89 | AD134: 0 | AE134: 0 | AF134: 12701 | AG134: 0.036 | AH134: 0.374 | AI134: 2.474 | AJ134: 9897581 | AK134: 152 | AL134: 282882 | AM134: 4694817 | AN134: =AJ134-(AL134+AM134) -> 4919882
A135: RP_SC_N-400_I-1_R-0.95 | B135: 12424 | C135: 0.32 | D135: 12404 | E135: 0.013 | F135: 12424 | G135: 0.034 | H135: 0.137 | I135: 0.126 | J135: 1032185 | K135: 50 | L135: 34415 | M135: 483166 | N135: =J135-(L135+M135) -> 514604 | O135: 12424 | P135: 0.186 | Q135: 12404 | R135: 0.013 | S135: 0 | T135: 0.034 | U135: 0 | V135: 0.136 | W135: 1132080 | X135: 50 | Y135: 33274 | Z135: 533774 | AA135: =W135-(Y135+Z135) -> 565032 | AB135: 12424 | AC135: 0.447 | AD135: 0 | AE135: 0 | AF135: 12424 | AG135: 0.034 | AH135: 0.273 | AI135: 0.134 | AJ135: 1032185 | AK135: 50 | AL135: 34415 | AM135: 483166 | AN135: =AJ135-(AL135+AM135) -> 514604
... A182: RP_SS_N-900_I-4_R-0.99 | B182: 22294 | C182: 1233.94 | D182: 22206 | E182: 0.146 | F182: 22294 | G182: 0.173 | H182: 4.239 | I182: 1229.38 | J182: 764159265 | K182: 778700 | L182: 792289 | M182: 380508497 | N182: =J182-(L182+M182) -> 382858479 | O182: 22294 | P182: 1324.84 | Q182: 22206 | R182: 0.146 | S182: 0 | T182: 0.173 | U182: 0 | V182: 1324.52 | W182: 821006208 | X182: 778700 | Y182: 769839 | Z182: 408996294 | AA182: =W182-(Y182+Z182) -> 411240075 | AB182: 22294 | AC182: 1218.75 | AD182: 0 | AE182: 0 | AF182: 22294 | AG182: 0.173 | AH182: 4.655 | AI182: 1213.91 | AJ182: 764159265 | AK182: 778700 | AL182: 792289 | AM182: 380508497 | AN182: =AJ182-(AL182+AM182) -> 382858479
B183: =AVERAGE(B3:B182) -> 13130.356 | C183: =AVERAGE(C3:C182) -> 44.963439 | D183: =AVERAGE(D3:D182) -> 13031.661 | E183: =AVERAGE(E3:E182) -> 0.0308 | F183: =AVERAGE(F3:F182) -> 13124.906 | G183: =AVERAGE(G3:G182) -> 0.072333333 | H183: =AVERAGE(H3:H182) -> 0.72778889 | I183: =AVERAGE(I3:I182) -> 44.124844 | ... AN183: =AVERAGE(AN3:AN182) -> 21616618
A185: Time (s) | B185: 1-def | C185: 3-maskHLA | D185: 4-maskTS | L185: generated labels | M185: 1-def | N185: 3-maskHLA | O185: 4-maskTS
A186: Minimum | B186: =MIN(C3:C182) -> 0.025 | C186: =min(P3:P182) -> 0.018 | D186: =min(AC3:AC182) -> 0.025 | L186: Minimum | M186: =min(J3:J182) -> 50327 | N186: =min(W3:W182) -> 57457 | O186: =min(AJ3:AJ182) -> 50327
A187: Quartile1 | B187: =QUARTILE(C3:C182, 1) -> 0.33125 | C187: =QUARTILE(P3:P182, 1) -> 0.21325 | D187: =QUARTILE(AC3:AC182, 1) -> 0.383 | L187: Quartile1 | M187: =quartile(J3:J182, 1) -> 881263.5 | N187: =QUARTILE(W3:W182, 1) -> 1184741.2 | O187: =QUARTILE(AJ3:AJ182, 1) -> 881263.5
A188: Median | B188: =MEDIAN(C3:C182) -> 1.357 | C188: =MEDIAN(P3:P182) -> 1.1115 | D188: =MEDIAN(AC3:AC182) -> 1.7545 | L188: Median | M188: =median(J3:J182) -> 3921598.5 | N188: =MEDIAN(W3:W182) -> 4479484 | O188: =MEDIAN(AJ3:AJ182) -> 3921598.5
A189: Quartile3 | B189: =QUARTILE(C3:C182, 3) -> 9.90675 | C189: =QUARTILE(P3:P182, 3) -> 10.40825 | D189: =QUARTILE(AC3:AC182, 3) -> 9.553 | L189: Quartile3 | M189: =quartile(J3:J182, 3) -> 24429404 | N189: =QUARTILE(W3:W182, 3) -> 27964244 | O189: =QUARTILE(AJ3:AJ182, 3) -> 24429404
A190: Maximum | B190: =max(C3:C182) -> 1233.94 | C190: =max(P3:P182) -> 1324.84 | D190: =max(AC3:AC182) -> 1218.75 | L190: Maximum | M190: =MAX(J3:J182) -> 764159265 | N190: =MAX(W3:W182) -> 821006208 | O190: =MAX(AJ3:AJ182) -> 764159265
A191: Avg | B191: =average(C3:C182) -> 44.963439 | C191: =average(P3:P182) -> 46.139428 | D191: =average(AC3:AC182) -> 44.300178 | L191: Avg | M191: =AVERAGE(J3:J182) -> 43210293 | N191: =AVERAGE(W3:W182) -> 46210723 | O191: =AVERAGE(AJ3:AJ182) -> 43210293
A192: OOM | B192: =COUNTIF(B3:B182,"OOM") -> 0 | C192: =COUNTIF(O3:O182,"OOM") -> 0 | D192: =COUNTIF(AB3:AB182,"OOM") -> 0
L194: non-dominated labels | M194: 1-def | N194: 3-maskHLA | O194: 4-maskTS
L195: Minimum | M195: =min(N3:N182) -> 23780 | N195: =min(AA3:AA182) -> 27713 | O195: =min(AN3:AN182) -> 23780
L196: Quartile1 | M196: =QUARTILE(N3:N182, 1) -> 435649.25 | N196: =QUARTILE(AA3:AA182, 1) -> 592053 | O196: =quartile(AN3:AN182, 1) -> 435649.25
L197: Median | M197: =median(N3:N182) -> 1953909 | N197: =MEDIAN(AA3:AA182) -> 2235002 | O197: =MEDIAN(AN3:AN182) -> 1953909
L198: Quartile3 | M198: =quartile(N3:N182, 3) -> 12164716 | N198: =quartile(AA3:AA182, 3) -> 13927209 | O198: =QUARTILE(AN3:AN182, 3) -> 12164716
L199: Maximum | M199: =max(N3:N182) -> 382858479 | N199: =max(AA3:AA182) -> 411240075 | O199: =MAX(AN3:AN182) -> 382858479
L200: Avg | M200: =AVERAGE(N3:N182) -> 21616618 | N200: =AVERAGE(AA3:AA182) -> 23115713 | O200: =AVERAGE(AN3:AN182) -> 21616618

Sheet theta=10
A1: Filename | B1: 1-def | O1: 3-maskHLA | AB1: 4-maskTS
B2: My_Obj_Val | C2: My_Time_s | D2: My_TS_Val | E2: my_TSTime | F2: My_HLA_Val | G2: my_fracKPTime | H2: My_HLATime | I2: My_exactTime | J2: my_labelNum | K2: my_nonlabelNum | L2: my_CBfathomedlabelNum | M2: my_dominatedlabelNum | N2: non_dominated | O2: My_Obj_Val | P2: My_Time_s | Q2: My_TS_Val | R2: my_TSTime | S2: My_HLA_Val | T2: my_fracKPTime | U2: My_HLATime | V2: My_exactTime | W2: my_labelNum | X2: my_nonlabelNum | Y2: my_CBfathomedlabelNum | Z2: my_dominatedlabelNum | AA2: non-dominated | AB2: My_Obj_Val | AC2: My_Time_s | AD2: My_TS_Val | AE2: my_TSTime | AF2: My_HLA_Val | AG2: my_fracKPTime | AH2: My_HLATime | AI2: My_exactTime | AJ2: my_labelNum | AK2: my_nonlabelNum | AL2: my_CBfathomedlabelNum | AM2: my_dominatedlabelNum | AN2: non-dominated
A3: RP_ICR_N-100_I-0_R-0.95 | B3: 2804 | C3: 0.029 | D3: 2783 | E3: 0.001 | F3: 2804 | G3: 0.002 | H3: 0.01 | I3: 0.011 | J3: 57515 | K3: 2 | L3: 4769 | M3: 24249 | N3: =J3-(L3+M3) -> 28497 | O3: 2804 | P3: 0.024 | Q3: 2783 | R3: 0.001 | S3: 0 | T3: 0.002 | U3: 0 | V3: 0.015 | W3: 79630 | X3: 2 | Y3: 4938 | Z3: 35388 | AA3: =W3-(Y3+Z3) -> 39304 | AB3: 2804 | AC3: 0.028 | AD3: 0 | AE3: 0 | AF3: 2804 | AG3: 0.002 | AH3: 0.012 | AI3: 0.011 | AJ3: 57515 | AK3: 2 | AL3: 4769 | AM3: 24249 | AN3: =AJ3-(AL3+AM3) -> 28497
A4: RP_ICR_N-100_I-0_R-0.99 | B4: 2672 | C4: 0.064 | D4: 2641 | E4: 0.001 | F4: 2672 | G4: 0.002 | H4: 0.011 | I4: 0.045 | J4: 196442 | K4: 2 | L4: 19130 | M4: 82403 | N4: =J4-(L4+M4) -> 94909 | O4: 2672 | P4: 0.061 | Q4: 2641 | R4: 0.001 | S4: 0 | T4: 0.002 | U4: 0 | V4: 0.051 | W4: 217208 | X4: 2 | Y4: 18297 | Z4: 93930 | AA4: =W4-(Y4+Z4) -> 104981 | AB4: 2672 | AC4: 0.064 | AD4: 0 | AE4: 0 | AF4: 2672 | AG4: 0.002 | AH4: 0.011 | AI4: 0.045 | AJ4: 196442 | AK4: 2 | AL4: 19130 | AM4: 82403 | AN4: =AJ4-(AL4+AM4) -> 94909
A5: RP_ICR_N-100_I-1_R-0.95 | B5: 2767 | C5: 0.029 | D5: 2759 | E5: 0.001 | F5: 2767 | G5: 0.002 | H5: 0.009 | I5: 0.011 | J5: 60012 | K5: 2 | L5: 4746 | M5: 25589 | N5: =J5-(L5+M5) -> 29677 | O5: 2767 | P5: 0.022 | Q5: 2759 | R5: 0.001 | S5: 0 | T5: 0.002 | U5: 0 | V5: 0.013 | W5: 68540 | X5: 2 | Y5: 4707 | Z5: 30002 | AA5: =W5-(Y5+Z5) -> 33831 | AB5: 2767 | AC5: 0.028 | AD5: 0 | AE5: 0 | AF5: 2767 | AG5: 0.002 | AH5: 0.01 | AI5: 0.011 | AJ5: 60012 | AK5: 2 | AL5: 4746 | AM5: 25589 | AN5: =AJ5-(AL5+AM5) -> 29677
A6: RP_ICR_N-100_I-1_R-0.99 | B6: 2633 | C6: 0.069 | D6: 2598 | E6: 0.001 | F6: 2633 | G6: 0.002 | H6: 0.011 | I6: 0.049 | J6: 199402 | K6: 2 | L6: 17191 | M6: 85879 | N6: =J6-(L6+M6) -> 96332 | O6: 2633 | P6: 0.064 | Q6: 2598 | R6: 0.001 | S6: 0 | T6: 0.002 | U6: 0 | V6: 0.057 | W6: 217502 | X6: 2 | Y6: 16454 | Z6: 95971 | AA6: =W6-(Y6+Z6) -> 105077 | AB6: 2633 | AC6: 0.068 | AD6: 0 | AE6: 0 | AF6: 2633 | AG6: 0.002 | AH6: 0.011 | AI6: 0.05 | AJ6: 199402 | AK6: 2 | AL6: 17191 | AM6: 85879 | AN6: =AJ6-(AL6+AM6) -> 96332
A7: RP_ICR_N-100_I-2_R-0.95 | B7: 2778 | C7: 0.029 | D7: 2722 | E7: 0.001 | F7: 2778 | G7: 0.002 | H7: 0.011 | I7: 0.012 | J7: 59621 | K7: 2 | L7: 5849 | M7: 24960 | N7: =J7-(L7+M7) -> 28812 | O7: 2778 | P7: 0.035 | Q7: 2722 | R7: 0.001 | S7: 0 | T7: 0.002 | U7: 0 | V7: 0.026 | W7: 116882 | X7: 2 | Y7: 6479 | Z7: 53946 | AA7: =W7-(Y7+Z7) -> 56457 | AB7: 2778 | AC7: 0.03 | AD7: 0 | AE7: 0 | AF7: 2778 | AG7: 0.002 | AH7: 0.012 | AI7: 0.012 | AJ7: 59621 | AK7: 2 | AL7: 5849 | AM7: 24960 | AN7: =AJ7-(AL7+AM7) -> 28812
A8: RP_ICR_N-100_I-2_R-0.99 | B8: 2638 | C8: 0.111 | D8: 2631 | E8: 0.001 | F8: 2638 | G8: 0.002 | H8: 0.012 | I8: 0.09 | J8: 299024 | K8: 2 | L8: 21526 | M8: 132059 | N8: =J8-(L8+M8) -> 145439 | O8: 2638 | P8: 0.101 | Q8: 2631 | R8: 0.001 | S8: 0 | T8: 0.002 | U8: 0 | V8: 0.094 | W8: 306830 | X8: 2 | Y8: 21241 | Z8: 136403 | AA8: =W8-(Y8+Z8) -> 149186 | AB8: 2638 | AC8: 0.107 | AD8: 0 | AE8: 0 | AF8: 2638 | AG8: 0.002 | AH8: 0.012 | AI8: 0.09 | AJ8: 299024 | AK8: 2 | AL8: 21526 | AM8: 132059 | AN8: =AJ8-(AL8+AM8) -> 145439
A9: RP_ICR_N-100_I-3_R-0.95 | B9: 2428 | C9: 0.026 | D9: 2427 | E9: 0.001 | F9: 2428 | G9: 0.002 | H9: 0.007 | I9: 0.01 | J9: 54450 | K9: 2 | L9: 4291 | M9: 23845 | N9: =J9-(L9+M9) -> 26314 | O9: 2428 | P9: 0.019 | Q9: 2427 | R9: 0.001 | S9: 0 | T9: 0.002 | U9: 0 | V9: 0.011 | W9: 55439 | X9: 2 | Y9: 4273 | Z9: 24374 | AA9: =W9-(Y9+Z9) -> 26792 | AB9: 2428 | AC9: 0.027 | AD9: 0 | AE9: 0 | AF9: 2428 | AG9: 0.002 | AH9: 0.009 | AI9: 0.01 | AJ9: 54450 | AK9: 2 | AL9: 4291 | AM9: 23845 | AN9: =AJ9-(AL9+AM9) -> 26314
A10: RP_ICR_N-100_I-3_R-0.99 | B10: 2287 | C10: 0.06 | D10: 2245 | E10: 0.001 | F10: 2287 | G10: 0.002 | H10: 0.01 | I10: 0.041 | J10: 175552 | K10: 2 | L10: 12300 | M10: 77842 | N10: =J10-(L10+M10) -> 85410 | O10: 2287 | P10: 0.052 | Q10: 2245 | R10: 0.001 | S10: 0 | T10: 0.002 | U10: 0 | V10: 0.043 | W10: 181654 | X10: 2 | Y10: 12049 | Z10: 81228 | AA10: =W10-(Y10+Z10) -> 88377 | AB10: 2287 | AC10: 0.058 | AD10: 0 | AE10: 0 | AF10: 2287 | AG10: 0.002 | AH10: 0.01 | AI10: 0.041 | AJ10: 175552 | AK10: 2 | AL10: 12300 | AM10: 77842 | AN10: =AJ10-(AL10+AM10) -> 85410
A11: RP_ICR_N-100_I-4_R-0.95 | B11: 2557 | C11: 0.026 | D11: 2513 | E11: 0.001 | F11: 2557 | G11: 0.002 | H11: 0.009 | I11: 0.008 | J11: 45879 | K11: 2 | L11: 4103 | M11: 19792 | N11: =J11-(L11+M11) -> 21984 | O11: 2557 | P11: 0.021 | Q11: 2513 | R11: 0.001 | S11: 0 | T11: 0.002 | U11: 0 | V11: 0.012 | W11: 64772 | X11: 2 | Y11: 4015 | Z11: 29502 | AA11: =W11-(Y11+Z11) -> 31255 | AB11: 2557 | AC11: 0.022 | AD11: 0 | AE11: 0 | AF11: 2557 | AG11: 0.002 | AH11: 0.009 | AI11: 0.009 | AJ11: 45879 | AK11: 2 | AL11: 4103 | AM11: 19792 | AN11: =AJ11-(AL11+AM11) -> 21984
A12: RP_ICR_N-100_I-4_R-0.99 | B12: 2422 | C12: 0.06 | D12: 2366 | E12: 0.001 | F12: 2422 | G12: 0.002 | H12: 0.01 | I12: 0.041 | J12: 168438 | K12: 2 | L12: 15081 | M12: 72075 | N12: =J12-(L12+M12) -> 81282 | O12: 2422 | P12: 0.056 | Q12: 2366 | R12: 0.001 | S12: 0 | T12: 0.002 | U12: 0 | V12: 0.046 | W12: 180501 | X12: 2 | Y12: 14762 | Z12: 78725 | AA12: =W12-(Y12+Z12) -> 87014 | AB12: 2422 | AC12: 0.056 | AD12: 0 | AE12: 0 | AF12: 2422 | AG12: 0.002 | AH12: 0.01 | AI12: 0.041 | AJ12: 168438 | AK12: 2 | AL12: 15081 | AM12: 72075 | AN12: =AJ12-(AL12+AM12) -> 81282
A13: RP_ICR_N-400_I-0_R-0.95 | B13: 10493 | C13: 0.291 | D13: 10488 | E13: 0.013 | F13: 10493 | G13: 0.038 | H13: 0.111 | I13: 0.126 | J13: 689046 | K13: 2 | L13: 17591 | M13: 331892 | N13: =J13-(L13+M13) -> 339563 | O13: 10493 | P13: 0.191 | Q13: 10488 | R13: 0.013 | S13: 0 | T13: 0.038 | U13: 0 | V13: 0.131 | W13: 724128 | X13: 2 | Y13: 17696 | Z13: 349478 | AA13: =W13-(Y13+Z13) -> 356954 | AB13: 10493 | AC13: 0.362 | AD13: 0 | AE13: 0 | AF13: 10493 | AG13: 0.038 | AH13: 0.193 | AI13: 0.127 | AJ13: 689046 | AK13: 2 | AL13: 17591 | AM13: 331892 | AN13: =AJ13-(AL13+AM13) -> 339563
A14: RP_ICR_N-400_I-0_R-0.99 | B14: 10198 | C14: 1.554 | D14: 10149 | E14: 0.013 | F14: 10198 | G14: 0.038 | H14: 0.19 | I14: 1.309 | J14: 4278699 | K14: 2 | L14: 96219 | M14: 2070330 | N14: =J14-(L14+M14) -> 2112150 | O14: 10198 | P14: 1.767 | Q14: 10149 | R14: 0.013 | S14: 0 | T14: 0.038 | U14: 0 | V14: 1.712 | W14: 5078050 | X14: 2 | Y14: 97842 | Z14: 2471722 | AA14: =W14-(Y14+Z14) -> 2508486 | AB14: 10198 | AC14: 1.573 | AD14: 0 | AE14: 0 | AF14: 10198 | AG14: 0.038 | AH14: 0.209 | AI14: 1.321 | AJ14: 4278699 | AK14: 2 | AL14: 96219 | AM14: 2070330 | AN14: =AJ14-(AL14+AM14) -> 2112150
... A122: RP_SCU_N-900_I-4_R-0.99 | B122: 27615 | C122: 73.887 | D122: 27354 | E122: 0.06 | F122: 27609 | G122: 0.177 | H122: 2.575 | I122: 71.067 | J122: 97823274 | K122: 459 | L122: 304563 | M122: 48758487 | N122: =J122-(L122+M122) -> 48760224 | O122: 27615 | P122: 64.441 | Q122: 27354 | R122: 0.06 | S122: 0 | T122: 0.177 | U122: 0 | V122: 64.195 | W122: 100096403 | X122: 459 | Y122: 217355 | Z122: 49943823 | AA122: =W122-(Y122+Z122) -> 49935225 | AB122: 27615 | AC122: 68.759 | AD122: 0 | AE122: 0 | AF122: 27609 | AG122: 0.177 | AH122: 2.783 | AI122: 65.792 | AJ122: 97823274 | AK122: 459 | AL122: 304563 | AM122: 48758487 | AN122: =AJ122-(AL122+AM122) -> 48760224
A123: RP_SC_N-100_I-0_R-0.95 | B123: 3196 | C123: 0.038 | D123: 3144 | E123: 0.001 | F123: 3196 | G123: 0.002 | H123: 0.017 | I123: 0.015 | J123: 115084 | K123: 8 | L123: 10882 | M123: 47457 | N123: =J3-(L3+M3) -> 28497 | O123: 3196 | P123: 0.023 | Q123: 3144 | R123: 0.001 | S123: 0 | T123: 0.002 | U123: 0 | V123: 0.018 | W123: 141910 | X123: 8 | Y123: 10837 | Z123: 60879 | AA123: =W3-(Y3+Z3) -> 39304 | AB123: 3196 | AC123: 0.04 | AD123: 0 | AE123: 0 | AF123: 3196 | AG123: 0.002 | AH123: 0.02 | AI123: 0.015 | AJ123: 115084 | AK123: 8 | AL123: 10882 | AM123: 47457 | AN123: =AJ3-(AL3+AM3) -> 28497
A124: RP_SC_N-100_I-0_R-0.99 | B124: 3047 | C124: 0.091 | D124: 3044 | E124: 0.001 | F124: 3047 | G124: 0.002 | H124: 0.023 | I124: 0.061 | J124: 325769 | K124: 115 | L124: 19049 | M124: 145144 | N124: =J124-(L124+M124) -> 161576 | O124: 3047 | P124: 0.067 | Q124: 3044 | R124: 0.001 | S124: 0 | T124: 0.002 | U124: 0 | V124: 0.062 | W124: 328574 | X124: 115 | Y124: 19067 | Z124: 146529 | AA124: =W124-(Y124+Z124) -> 162978 | AB124: 3047 | AC124: 0.094 | AD124: 0 | AE124: 0 | AF124: 3047 | AG124: 0.002 | AH124: 0.025 | AI124: 0.062 | AJ124: 325769 | AK124: 115 | AL124: 19049 | AM124: 145144 | AN124: =AJ124-(AL124+AM124) -> 161576
A125: RP_SC_N-100_I-1_R-0.95 | B125: 2952 | C125: 0.034 | D125: 2915 | E125: 0.001 | F125: 2952 | G125: 0.002 | H125: 0.014 | I125: 0.013 | J125: 98559 | K125: 83 | L125: 8305 | M125: 40807 | N125: =J125-(L125+M125) -> 49447 | O125: 2952 | P125: 0.024 | Q125: 2915 | R125: 0.001 | S125: 0 | T125: 0.002 | U125: 0 | V125: 0.015 | W125: 117959 | X125: 83 | Y125: 8360 | Z125: 50428 | AA125: =W125-(Y125+Z125) -> 59171 | AB125: 2952 | AC125: 0.036 | AD125: 0 | AE125: 0 | AF125: 2952 | AG125: 0.002 | AH125: 0.018 | AI125: 0.013 | AJ125: 98559 | AK125: 83 | AL125: 8305 | AM125: 40807 | AN125: =AJ125-(AL125+AM125) -> 49447
A126: RP_SC_N-100_I-1_R-0.99 | B126: 2821 | C126: 0.077 | D126: 2787 | E126: 0.001 | F126: 2821 | G126: 0.002 | H126: 0.02 | I126: 0.05 | J126: 274846 | K126: 116 | L126: 25723 | M126: 112805 | N126: =J126-(L126+M126) -> 136318 | O126: 2821 | P126: 0.067 | Q126: 2787 | R126: 0.001 | S126: 0 | T126: 0.002 | U126: 0 | V126: 0.058 | W126: 303888 | X126: 116 | Y126: 25964 | Z126: 127228 | AA126: =W126-(Y126+Z126) -> 150696 | AB126: 2821 | AC126: 0.077 | AD126: 0 | AE126: 0 | AF126: 2821 | AG126: 0.002 | AH126: 0.022 | AI126: 0.05 | AJ126: 274846 | AK126: 116 | AL126: 25723 | AM126: 112805 | AN126: =AJ126-(AL126+AM126) -> 136318
A127: RP_SC_N-100_I-2_R-0.95 | B127: 3165 | C127: 0.045 | D127: 3126 | E127: 0.001 | F127: 3165 | G127: 0.002 | H127: 0.02 | I127: 0.019 | J127: 140844 | K127: 88 | L127: 5103 | M127: 65212 | N127: =J127-(L127+M127) -> 70529 | O127: 3165 | P127: 0.03 | Q127: 3126 | R127: 0.001 | S127: 0 | T127: 0.002 | U127: 0 | V127: 0.022 | W127: 161340 | X127: 88 | Y127: 4943 | Z127: 75581 | AA127: =W127-(Y127+Z127) -> 80816 | AB127: 3165 | AC127: 0.047 | AD127: 0 | AE127: 0 | AF127: 3165 | AG127: 0.002 | AH127: 0.023 | AI127: 0.019 | AJ127: 140844 | AK127: 88 | AL127: 5103 | AM127: 65212 | AN127: =AJ127-(AL127+AM127) -> 70529
A128: RP_SC_N-100_I-2_R-0.99 | B128: 3017 | C128: 0.11 | D128: 2952 | E128: 0.001 | F128: 3017 | G128: 0.002 | H128: 0.022 | I128: 0.082 | J128: 386710 | K128: 135 | L128: 19522 | M128: 175327 | N128: =J128-(L128+M128) -> 191861 | O128: 3017 | P128: 0.104 | Q128: 2952 | R128: 0.001 | S128: 0 | T128: 0.002 | U128: 0 | V128: 0.097 | W128: 433029 | X128: 135 | Y128: 18448 | Z128: 199957 | AA128: =W128-(Y128+Z128) -> 214624 | AB128: 3017 | AC128: 0.112 | AD128: 0 | AE128: 0 | AF128: 3017 | AG128: 0.002 | AH128: 0.023 | AI128: 0.082 | AJ128: 386710 | AK128: 135 | AL128: 19522 | AM128: 175327 | AN128: =AJ128-(AL128+AM128) -> 191861
A129: RP_SC_N-100_I-3_R-0.95 | B129: 3101 | C129: 0.035 | D129: 3091 | E129: 0.001 | F129: 3101 | G129: 0.002 | H129: 0.014 | I129: 0.014 | J129: 109440 | K129: 66 | L129: 10358 | M129: 44486 | N129: =J129-(L129+M129) -> 54596 | O129: 3101 | P129: 0.022 | Q129: 3091 | R129: 0.001 | S129: 0 | T129: 0.002 | U129: 0 | V129: 0.015 | W129: 117272 | X129: 66 | Y129: 10188 | Z129: 48543 | AA129: =W129-(Y129+Z129) -> 58541 | AB129: 3101 | AC129: 0.042 | AD129: 0 | AE129: 0 | AF129: 3101 | AG129: 0.002 | AH129: 0.02 | AI129: 0.015 | AJ129: 109440 | AK129: 66 | AL129: 10358 | AM129: 44486 | AN129: =AJ129-(AL129+AM129) -> 54596
A130: RP_SC_N-100_I-3_R-0.99 | B130: 2964 | C130: 0.079 | D130: 2938 | E130: 0.001 | F130: 2964 | G130: 0.002 | H130: 0.022 | I130: 0.049 | J130: 277835 | K130: 106 | L130: 24580 | M130: 115646 | N130: =J130-(L130+M130) -> 137609 | O130: 2964 | P130: 0.064 | Q130: 2938 | R130: 0.001 | S130: 0 | T130: 0.002 | U130: 0 | V130: 0.055 | W130: 298776 | X130: 106 | Y130: 25059 | Z130: 125814 | AA130: =W130-(Y130+Z130) -> 147903 | AB130: 2964 | AC130: 0.081 | AD130: 0 | AE130: 0 | AF130: 2964 | AG130: 0.002 | AH130: 0.024 | AI130: 0.05 | AJ130: 277835 | AK130: 106 | AL130: 24580 | AM130: 115646 | AN130: =AJ130-(AL130+AM130) -> 137609
A131: RP_SC_N-100_I-4_R-0.95 | B131: 3043 | C131: 0.045 | D131: 2984 | E131: 0.001 | F131: 3043 | G131: 0.002 | H131: 0.018 | I131: 0.018 | J131: 138429 | K131: 66 | L131: 9354 | M131: 59995 | N131: =J131-(L131+M131) -> 69080 | O131: 3043 | P131: 0.03 | Q131: 2984 | R131: 0.001 | S131: 0 | T131: 0.002 | U131: 0 | V131: 0.021 | W131: 157259 | X131: 66 | Y131: 9126 | Z131: 69612 | AA131: =W131-(Y131+Z131) -> 78521 | AB131: 3043 | AC131: 0.047 | AD131: 0 | AE131: 0 | AF131: 3043 | AG131: 0.002 | AH131: 0.021 | AI131: 0.019 | AJ131: 138429 | AK131: 66 | AL131: 9354 | AM131: 59995 | AN131: =AJ131-(AL131+AM131) -> 69080
A132: RP_SC_N-100_I-4_R-0.99 | B132: 2895 | C132: 0.105 | D132: 2871 | E132: 0.001 | F132: 2895 | G132: 0.002 | H132: 0.02 | I132: 0.079 | J132: 359512 | K132: 99 | L132: 18007 | M132: 163720 | N132: =J132-(L132+M132) -> 177785 | O132: 2895 | P132: 0.093 | Q132: 2871 | R132: 0.001 | S132: 0 | T132: 0.002 | U132: 0 | V132: 0.083 | W132: 374004 | X132: 99 | Y132: 17518 | Z132: 171533 | AA132: =W132-(Y132+Z132) -> 184953 | AB132: 2895 | AC132: 0.108 | AD132: 0 | AE132: 0 | AF132: 2895 | AG132: 0.002 | AH132: 0.021 | AI132: 0.079 | AJ132: 359512 | AK132: 99 | AL132: 18007 | AM132: 163720 | AN132: =AJ132-(AL132+AM132) -> 177785
A133: RP_SC_N-400_I-0_R-0.95 | B133: 13027 | C133: 0.424 | D133: 12942 | E133: 0.013 | F133: 13027 | G133: 0.036 | H133: 0.201 | I133: 0.171 | J133: 1383113 | K133: 84 | L133: 43391 | M133: 648916 | N133: =J133-(L133+M133) -> 690806 | O133: 13027 | P133: 0.259 | Q133: 12942 | R133: 0.013 | S133: 0 | T133: 0.036 | U133: 0 | V133: 0.203 | W133: 1712246 | X133: 84 | Y133: 43013 | Z133: 813316 | AA133: =W133-(Y133+Z133) -> 855917 | AB133: 13027 | AC133: 0.537 | AD133: 0 | AE133: 0 | AF133: 13027 | AG133: 0.036 | AH133: 0.316 | AI133: 0.18 | AJ133: 1383113 | AK133: 84 | AL133: 43391 | AM133: 648916 | AN133: =AJ133-(AL133+AM133) -> 690806
A134: RP_SC_N-400_I-0_R-0.99 | B134: 12701 | C134: 1.437 | D134: 12607 | E134: 0.013 | F134: 12701 | G134: 0.036 | H134: 0.327 | I134: 1.055 | J134: 5539791 | K134: 152 | L134: 147676 | M134: 2632296 | N134: =J134-(L134+M134) -> 2759819 | O134: 12701 | P134: 1.334 | Q134: 12607 | R134: 0.013 | S134: 0 | T134: 0.036 | U134: 0 | V134: 1.278 | W134: 6461242 | X134: 152 | Y134: 161381 | Z134: 3084650 | AA134: =W134-(Y134+Z134) -> 3215211 | AB134: 12701 | AC134: 1.512 | AD134: 0 | AE134: 0 | AF134: 12701 | AG134: 0.036 | AH134: 0.4 | AI134: 1.07 | AJ134: 5539791 | AK134: 152 | AL134: 147676 | AM134: 2632296 | AN134: =AJ134-(AL134+AM134) -> 2759819
A135: RP_SC_N-400_I-1_R-0.95 | B135: 12424 | C135: 0.33 | D135: 12404 | E135: 0.013 | F135: 12424 | G135: 0.034 | H135: 0.145 | I135: 0.134 | J135: 1032175 | K135: 50 | L135: 34409 | M135: 483166 | N135: =J135-(L135+M135) -> 514600 | O135: 12424 | P135: 0.196 | Q135: 12404 | R135: 0.013 | S135: 0 | T135: 0.034 | U135: 0 | V135: 0.142 | W135: 1132070 | X135: 50 | Y135: 33268 | Z135: 533774 | AA135: =W135-(Y135+Z135) -> 565028 | AB135: 12424 | AC135: 0.466 | AD135: 0 | AE135: 0 | AF135: 12424 | AG135: 0.034 | AH135: 0.285 | AI135: 0.141 | AJ135: 1032175 | AK135: 50 | AL135: 34409 | AM135: 483166 | AN135: =AJ135-(AL135+AM135) -> 514600
... A182: RP_SS_N-900_I-4_R-0.99 | B182: 22294 | C182: 535.661 | D182: 22206 | E182: 0.146 | F182: 22294 | G182: 0.173 | H182: 4.393 | I182: 530.941 | J182: 428908715 | K182: 405519 | L182: 406355 | M182: 213642336 | N182: =J182-(L182+M182) -> 214860024 | O182: 22294 | P182: 543.998 | Q182: 22206 | R182: 0.146 | S182: 0 | T182: 0.172 | U182: 0 | V182: 543.673 | W182: 458448991 | X182: 405519 | Y182: 388012 | Z182: 228448058 | AA182: =W182-(Y182+Z182) -> 229612921 | AB182: 22294 | AC182: 519.181 | AD182: 0 | AE182: 0 | AF182: 22294 | AG182: 0.173 | AH182: 4.829 | AI182: 514.171 | AJ182: 428908715 | AK182: 405519 | AL182: 406355 | AM182: 213642336 | AN182: =AJ182-(AL182+AM182) -> 214860024
B183: =AVERAGE(B3:B182) -> 13130.356 | C183: =AVERAGE(C3:C182) -> 22.041561 | D183: =AVERAGE(D3:D182) -> 13031.661 | E183: =AVERAGE(E3:E182) -> 0.030816667 | F183: =AVERAGE(F3:F182) -> 13124.906 | G183: =AVERAGE(G3:G182) -> 0.072355556 | H183: =AVERAGE(H3:H182) -> 0.78533333 | I183: =AVERAGE(I3:I182) -> 21.146828 | ... AN183: =AVERAGE(AN3:AN182) -> 13533454
A185: Time (s) | B185: 1-def | C185: 3-maskHLA | D185: 4-maskTS | L185: generated labels | M185: 1-def | N185: 3-maskHLA | O185: 4-maskTS
A186: Minimum | B186: =MIN(C3:C182) -> 0.026 | C186: =min(P3:P182) -> 0.019 | D186: =min(AC3:AC182) -> 0.022 | L186: Minimum | M186: =min(J3:J182) -> 45879 | N186: =min(W3:W182) -> 55439 | O186: =min(AJ3:AJ182) -> 45879
A187: Quartile1 | B187: =QUARTILE(C3:C182, 1) -> 0.29175 | C187: =QUARTILE(P3:P182, 1) -> 0.2045 | D187: =QUARTILE(AC3:AC182, 1) -> 0.34225 | L187: Quartile1 | M187: =quartile(J3:J182, 1) -> 820056 | N187: =QUARTILE(W3:W182, 1) -> 885137.25 | O187: =QUARTILE(AJ3:AJ182, 1) -> 820056
A188: Median | B188: =MEDIAN(C3:C182) -> 1.333 | C188: =MEDIAN(P3:P182) -> 0.9265 | D188: =MEDIAN(AC3:AC182) -> 1.5445 | L188: Median | M188: =median(J3:J182) -> 3725934.5 | N188: =MEDIAN(W3:W182) -> 4229473 | O188: =MEDIAN(AJ3:AJ182) -> 3725934.5
A189: Quartile3 | B189: =QUARTILE(C3:C182, 3) -> 6.43625 | C189: =QUARTILE(P3:P182, 3) -> 6.11925 | D189: =QUARTILE(AC3:AC182, 3) -> 6.60325 | L189: Quartile3 | M189: =quartile(J3:J182, 3) -> 18859068 | N189: =QUARTILE(W3:W182, 3) -> 21626335 | O189: =QUARTILE(AJ3:AJ182, 3) -> 18859068
A190: Maximum | B190: =max(C3:C182) -> 535.661 | C190: =max(P3:P182) -> 543.998 | D190: =max(AC3:AC182) -> 519.181 | L190: Maximum | M190: =MAX(J3:J182) -> 428908715 | N190: =MAX(W3:W182) -> 458448991 | O190: =MAX(AJ3:AJ182) -> 428908715
A191: Avg | B191: =average(C3:C182) -> 22.041561 | C191: =average(P3:P182) -> 21.749778 | D191: =average(AC3:AC182) -> 21.92845 | L191: Avg | M191: =AVERAGE(J3:J182) -> 27064743 | N191: =AVERAGE(W3:W182) -> 28849394 | O191: =AVERAGE(AJ3:AJ182) -> 27064743
A192: OOM | B192: =COUNTIF(B3:B182,"OOM") -> 0 | C192: =COUNTIF(O3:O182,"OOM") -> 0 | D192: =COUNTIF(AB3:AB182,"OOM") -> 0
L194: non-dominated labels | M194: 1-def | N194: 3-maskHLA | O194: 4-maskTS
L195: Minimum | M195: =min(N3:N182) -> 21984 | N195: =min(AA3:AA182) -> 26792 | O195: =min(AN3:AN182) -> 21984
L196: Quartile1 | M196: =QUARTILE(N3:N182, 1) -> 413272.75 | N196: =QUARTILE(AA3:AA182, 1) -> 450416.25 | O196: =quartile(AN3:AN182, 1) -> 413272.75
L197: Median | M197: =median(N3:N182) -> 1852956 | N197: =MEDIAN(AA3:AA182) -> 2108635 | O197: =MEDIAN(AN3:AN182) -> 1852956
L198: Quartile3 | M198: =quartile(N3:N182, 3) -> 9444984 | N198: =quartile(AA3:AA182, 3) -> 10741969 | O198: =QUARTILE(AN3:AN182, 3) -> 9444984
L199: Maximum | M199: =max(N3:N182) -> 214860024 | N199: =max(AA3:AA182) -> 229612921 | O199: =MAX(AN3:AN182) -> 214860024
L200: Avg | M200: =AVERAGE(N3:N182) -> 13533454 | N200: =AVERAGE(AA3:AA182) -> 14426225 | O200: =AVERAGE(AN3:AN182) -> 13533454

Sheet theta=15
A1: Filename | B1: 1-def | O1: 3-maskHLA | AB1: 4-maskTS
B2: My_Obj_Val | C2: My_Time_s | D2: My_TS_Val | E2: my_TSTime | F2: My_HLA_Val | G2: my_fracKPTime | H2: My_HLATime | I2: My_exactTime | J2: my_labelNum | K2: my_nonlabelNum | L2: my_CBfathomedlabelNum | M2: my_dominatedlabelNum | N2: non_dominated | O2: My_Obj_Val | P2: My_Time_s | Q2: My_TS_Val | R2: my_TSTime | S2: My_HLA_Val | T2: my_fracKPTime | U2: My_HLATime | V2: My_exactTime | W2: my_labelNum | X2: my_nonlabelNum | Y2: my_CBfathomedlabelNum | Z2: my_dominatedlabelNum | AA2: non-dominated | AB2: My_Obj_Val | AC2: My_Time_s | AD2: My_TS_Val | AE2: my_TSTime | AF2: My_HLA_Val | AG2: my_fracKPTime | AH2: My_HLATime | AI2: My_exactTime | AJ2: my_labelNum | AK2: my_nonlabelNum | AL2: my_CBfathomedlabelNum | AM2: my_dominatedlabelNum | AN2: non-dominated
A3: RP_ICR_N-100_I-0_R-0.95 | B3: 2804 | C3: 0.03 | D3: 2783 | E3: 0.001 | F3: 2804 | G3: 0.002 | H3: 0.011 | I3: 0.012 | J3: 57406 | K3: 2 | L3: 4747 | M3: 24210 | N3: =J3-(L3+M3) -> 28449 | O3: 2804 | P3: 0.025 | Q3: 2783 | R3: 0.001 | S3: 0 | T3: 0.002 | U3: 0 | V3: 0.016 | W3: 78476 | X3: 2 | Y3: 4854 | Z3: 34850 | AA3: =W3-(Y3+Z3) -> 38772 | AB3: 2804 | AC3: 0.032 | AD3: 0 | AE3: 0 | AF3: 2804 | AG3: 0.002 | AH3: 0.013 | AI3: 0.011 | AJ3: 57406 | AK3: 2 | AL3: 4747 | AM3: 24210 | AN3: =AJ3-(AL3+AM3) -> 28449
A4: RP_ICR_N-100_I-0_R-0.99 | B4: 2672 | C4: 0.064 | D4: 2641 | E4: 0.001 | F4: 2672 | G4: 0.002 | H4: 0.012 | I4: 0.043 | J4: 182758 | K4: 2 | L4: 16400 | M4: 77742 | N4: =J4-(L4+M4) -> 88616 | O4: 2672 | P4: 0.056 | Q4: 2641 | R4: 0.001 | S4: 0 | T4: 0.002 | U4: 0 | V4: 0.048 | W4: 200093 | X4: 2 | Y4: 15491 | Z4: 87465 | AA4: =W4-(Y4+Z4) -> 97137 | AB4: 2672 | AC4: 0.06 | AD4: 0 | AE4: 0 | AF4: 2672 | AG4: 0.002 | AH4: 0.012 | AI4: 0.043 | AJ4: 182758 | AK4: 2 | AL4: 16400 | AM4: 77742 | AN4: =AJ4-(AL4+AM4) -> 88616
A5: RP_ICR_N-100_I-1_R-0.95 | B5: 2767 | C5: 0.03 | D5: 2759 | E5: 0.001 | F5: 2767 | G5: 0.002 | H5: 0.009 | I5: 0.012 | J5: 59952 | K5: 2 | L5: 4737 | M5: 25564 | N5: =J5-(L5+M5) -> 29651 | O5: 2767 | P5: 0.023 | Q5: 2759 | R5: 0.001 | S5: 0 | T5: 0.002 | U5: 0 | V5: 0.014 | W5: 68317 | X5: 2 | Y5: 4669 | Z5: 29915 | AA5: =W5-(Y5+Z5) -> 33733 | AB5: 2767 | AC5: 0.03 | AD5: 0 | AE5: 0 | AF5: 2767 | AG5: 0.002 | AH5: 0.011 | AI5: 0.012 | AJ5: 59952 | AK5: 2 | AL5: 4737 | AM5: 25564 | AN5: =AJ5-(AL5+AM5) -> 29651
A6: RP_ICR_N-100_I-1_R-0.99 | B6: 2633 | C6: 0.063 | D6: 2598 | E6: 0.001 | F6: 2633 | G6: 0.002 | H6: 0.011 | I6: 0.042 | J6: 172666 | K6: 2 | L6: 13707 | M6: 75280 | N6: =J6-(L6+M6) -> 83679 | O6: 2633 | P6: 0.056 | Q6: 2598 | R6: 0.001 | S6: 0 | T6: 0.002 | U6: 0 | V6: 0.048 | W6: 186439 | X6: 2 | Y6: 12949 | Z6: 83095 | AA6: =W6-(Y6+Z6) -> 90395 | AB6: 2633 | AC6: 0.062 | AD6: 0 | AE6: 0 | AF6: 2633 | AG6: 0.002 | AH6: 0.012 | AI6: 0.043 | AJ6: 172666 | AK6: 2 | AL6: 13707 | AM6: 75280 | AN6: =AJ6-(AL6+AM6) -> 83679
A7: RP_ICR_N-100_I-2_R-0.95 | B7: 2778 | C7: 0.031 | D7: 2722 | E7: 0.001 | F7: 2778 | G7: 0.002 | H7: 0.011 | I7: 0.012 | J7: 59460 | K7: 2 | L7: 5772 | M7: 24935 | N7: =J7-(L7+M7) -> 28753 | O7: 2778 | P7: 0.034 | Q7: 2722 | R7: 0.001 | S7: 0 | T7: 0.002 | U7: 0 | V7: 0.026 | W7: 112259 | X7: 2 | Y7: 5967 | Z7: 51873 | AA7: =W7-(Y7+Z7) -> 54419 | AB7: 2778 | AC7: 0.032 | AD7: 0 | AE7: 0 | AF7: 2778 | AG7: 0.002 | AH7: 0.012 | AI7: 0.013 | AJ7: 59460 | AK7: 2 | AL7: 5772 | AM7: 24935 | AN7: =AJ7-(AL7+AM7) -> 28753
A8: RP_ICR_N-100_I-2_R-0.99 | B8: 2638 | C8: 0.101 | D8: 2631 | E8: 0.001 | F8: 2638 | G8: 0.002 | H8: 0.012 | I8: 0.082 | J8: 260187 | K8: 2 | L8: 17105 | M8: 116221 | N8: =J8-(L8+M8) -> 126861 | O8: 2638 | P8: 0.094 | Q8: 2631 | R8: 0.001 | S8: 0 | T8: 0.002 | U8: 0 | V8: 0.085 | W8: 266405 | X8: 2 | Y8: 16901 | Z8: 119649 | AA8: =W8-(Y8+Z8) -> 129855 | AB8: 2638 | AC8: 0.1 | AD8: 0 | AE8: 0 | AF8: 2638 | AG8: 0.002 | AH8: 0.013 | AI8: 0.082 | AJ8: 260187 | AK8: 2 | AL8: 17105 | AM8: 116221 | AN8: =AJ8-(AL8+AM8) -> 126861
A9: RP_ICR_N-100_I-3_R-0.95 | B9: 2428 | C9: 0.025 | D9: 2427 | E9: 0.001 | F9: 2428 | G9: 0.002 | H9: 0.008 | I9: 0.01 | J9: 52911 | K9: 2 | L9: 4146 | M9: 23167 | N9: =J9-(L9+M9) -> 25598 | O9: 2428 | P9: 0.019 | Q9: 2427 | R9: 0.001 | S9: 0 | T9: 0.002 | U9: 0 | V9: 0.011 | W9: 53803 | X9: 2 | Y9: 4121 | Z9: 23650 | AA9: =W9-(Y9+Z9) -> 26032 | AB9: 2428 | AC9: 0.028 | AD9: 0 | AE9: 0 | AF9: 2428 | AG9: 0.002 | AH9: 0.01 | AI9: 0.01 | AJ9: 52911 | AK9: 2 | AL9: 4146 | AM9: 23167 | AN9: =AJ9-(AL9+AM9) -> 25598
A10: RP_ICR_N-100_I-3_R-0.99 | B10: 2287 | C10: 0.049 | D10: 2245 | E10: 0.001 | F10: 2287 | G10: 0.002 | H10: 0.011 | I10: 0.031 | J10: 137474 | K10: 2 | L10: 8401 | M10: 61802 | N10: =J10-(L10+M10) -> 67271 | O10: 2287 | P10: 0.042 | Q10: 2245 | R10: 0.001 | S10: 0 | T10: 0.002 | U10: 0 | V10: 0.034 | W10: 142921 | X10: 2 | Y10: 8373 | Z10: 64685 | AA10: =W10-(Y10+Z10) -> 69863 | AB10: 2287 | AC10: 0.047 | AD10: 0 | AE10: 0 | AF10: 2287 | AG10: 0.002 | AH10: 0.011 | AI10: 0.031 | AJ10: 137474 | AK10: 2 | AL10: 8401 | AM10: 61802 | AN10: =AJ10-(AL10+AM10) -> 67271
A11: RP_ICR_N-100_I-4_R-0.95 | B11: 2557 | C11: 0.027 | D11: 2513 | E11: 0.001 | F11: 2557 | G11: 0.002 | H11: 0.009 | I11: 0.009 | J11: 45180 | K11: 2 | L11: 3968 | M11: 19510 | N11: =J11-(L11+M11) -> 21702 | O11: 2557 | P11: 0.021 | Q11: 2513 | R11: 0.001 | S11: 0 | T11: 0.002 | U11: 0 | V11: 0.012 | W11: 61169 | X11: 2 | Y11: 3743 | Z11: 27795 | AA11: =W11-(Y11+Z11) -> 29631 | AB11: 2557 | AC11: 0.026 | AD11: 0 | AE11: 0 | AF11: 2557 | AG11: 0.002 | AH11: 0.01 | AI11: 0.009 | AJ11: 45180 | AK11: 2 | AL11: 3968 | AM11: 19510 | AN11: =AJ11-(AL11+AM11) -> 21702
A12: RP_ICR_N-100_I-4_R-0.99 | B12: 2422 | C12: 0.049 | D12: 2366 | E12: 0.001 | F12: 2422 | G12: 0.002 | H12: 0.011 | I12: 0.029 | J12: 124060 | K12: 2 | L12: 10747 | M12: 53240 | N12: =J12-(L12+M12) -> 60073 | O12: 2422 | P12: 0.041 | Q12: 2366 | R12: 0.001 | S12: 0 | T12: 0.002 | U12: 0 | V12: 0.033 | W12: 132239 | X12: 2 | Y12: 10432 | Z12: 57800 | AA12: =W12-(Y12+Z12) -> 64007 | AB12: 2422 | AC12: 0.048 | AD12: 0 | AE12: 0 | AF12: 2422 | AG12: 0.002 | AH12: 0.011 | AI12: 0.029 | AJ12: 124060 | AK12: 2 | AL12: 10747 | AM12: 53240 | AN12: =AJ12-(AL12+AM12) -> 60073
A13: RP_ICR_N-400_I-0_R-0.95 | B13: 10493 | C13: 0.304 | D13: 10488 | E13: 0.013 | F13: 10493 | G13: 0.038 | H13: 0.117 | I13: 0.13 | J13: 678750 | K13: 2 | L13: 17432 | M13: 326752 | N13: =J13-(L13+M13) -> 334566 | O13: 10493 | P13: 0.193 | Q13: 10488 | R13: 0.013 | S13: 0 | T13: 0.038 | U13: 0 | V13: 0.136 | W13: 713036 | X13: 2 | Y13: 17498 | Z13: 343970 | AA13: =W13-(Y13+Z13) -> 351568 | AB13: 10493 | AC13: 0.377 | AD13: 0 | AE13: 0 | AF13: 10493 | AG13: 0.038 | AH13: 0.205 | AI13: 0.132 | AJ13: 678750 | AK13: 2 | AL13: 17432 | AM13: 326752 | AN13: =AJ13-(AL13+AM13) -> 334566
A14: RP_ICR_N-400_I-0_R-0.99 | B14: 10198 | C14: 1.312 | D14: 10149 | E14: 0.013 | F14: 10198 | G14: 0.038 | H14: 0.205 | I14: 1.049 | J14: 3489547 | K14: 2 | L14: 72070 | M14: 1692318 | N14: =J14-(L14+M14) -> 1725159 | O14: 10198 | P14: 1.366 | Q14: 10149 | R14: 0.013 | S14: 0 | T14: 0.038 | U14: 0 | V14: 1.309 | W14: 4137169 | X14: 2 | Y14: 74641 | Z14: 2016191 | AA14: =W14-(Y14+Z14) -> 2046337 | AB14: 10198 | AC14: 1.321 | AD14: 0 | AE14: 0 | AF14: 10198 | AG14: 0.038 | AH14: 0.224 | AI14: 1.053 | AJ14: 3489547 | AK14: 2 | AL14: 72070 | AM14: 1692318 | AN14: =AJ14-(AL14+AM14) -> 1725159
... A122: RP_SCU_N-900_I-4_R-0.99 | B122: 27615 | C122: 69.182 | D122: 27354 | E122: 0.061 | F122: 27609 | G122: 0.177 | H122: 2.705 | I122: 66.229 | J122: 83215059 | K122: 459 | L122: 290400 | M122: 41443967 | N122: =J122-(L122+M122) -> 41480692 | O122: 27615 | P122: 63.137 | Q122: 27354 | R122: 0.06 | S122: 0 | T122: 0.177 | U122: 0 | V122: 62.892 | W122: 85118492 | X122: 459 | Y122: 204811 | Z122: 42443326 | AA122: =W122-(Y122+Z122) -> 42470355 | AB122: 27615 | AC122: 68.052 | AD122: 0 | AE122: 0 | AF122: 27609 | AG122: 0.177 | AH122: 2.971 | AI122: 64.897 | AJ122: 83215059 | AK122: 459 | AL122: 290400 | AM122: 41443967 | AN122: =AJ122-(AL122+AM122) -> 41480692
A123: RP_SC_N-100_I-0_R-0.95 | B123: 3196 | C123: 0.043 | D123: 3144 | E123: 0.001 | F123: 3196 | G123: 0.002 | H123: 0.018 | I123: 0.016 | J123: 115084 | K123: 8 | L123: 10882 | M123: 47457 | N123: =J3-(L3+M3) -> 28449 | O123: 3196 | P123: 0.027 | Q123: 3144 | R123: 0.001 | S123: 0 | T123: 0.002 | U123: 0 | V123: 0.019 | W123: 141910 | X123: 8 | Y123: 10837 | Z123: 60879 | AA123: =W3-(Y3+Z3) -> 38772 | AB123: 3196 | AC123: 0.045 | AD123: 0 | AE123: 0 | AF123: 3196 | AG123: 0.002 | AH123: 0.022 | AI123: 0.016 | AJ123: 115084 | AK123: 8 | AL123: 10882 | AM123: 47457 | AN123: =AJ3-(AL3+AM3) -> 28449
A124: RP_SC_N-100_I-0_R-0.99 | B124: 3047 | C124: 0.074 | D124: 3044 | E124: 0.001 | F124: 3047 | G124: 0.002 | H124: 0.026 | I124: 0.04 | J124: 233010 | K124: 115 | L124: 10942 | M124: 105843 | N124: =J124-(L124+M124) -> 116225 | O124: 3047 | P124: 0.048 | Q124: 3044 | R124: 0.001 | S124: 0 | T124: 0.002 | U124: 0 | V124: 0.04 | W124: 235196 | X124: 115 | Y124: 11204 | Z124: 106689 | AA124: =W124-(Y124+Z124) -> 117303 | AB124: 3047 | AC124: 0.075 | AD124: 0 | AE124: 0 | AF124: 3047 | AG124: 0.002 | AH124: 0.027 | AI124: 0.04 | AJ124: 233010 | AK124: 115 | AL124: 10942 | AM124: 105843 | AN124: =AJ124-(AL124+AM124) -> 116225
A125: RP_SC_N-100_I-1_R-0.95 | B125: 2952 | C125: 0.039 | D125: 2915 | E125: 0.001 | F125: 2952 | G125: 0.002 | H125: 0.016 | I125: 0.014 | J125: 98559 | K125: 83 | L125: 8305 | M125: 40807 | N125: =J125-(L125+M125) -> 49447 | O125: 2952 | P125: 0.025 | Q125: 2915 | R125: 0.001 | S125: 0 | T125: 0.002 | U125: 0 | V125: 0.017 | W125: 117959 | X125: 83 | Y125: 8360 | Z125: 50428 | AA125: =W125-(Y125+Z125) -> 59171 | AB125: 2952 | AC125: 0.042 | AD125: 0 | AE125: 0 | AF125: 2952 | AG125: 0.002 | AH125: 0.02 | AI125: 0.015 | AJ125: 98559 | AK125: 83 | AL125: 8305 | AM125: 40807 | AN125: =AJ125-(AL125+AM125) -> 49447
A126: RP_SC_N-100_I-1_R-0.99 | B126: 2821 | C126: 0.065 | D126: 2787 | E126: 0.001 | F126: 2821 | G126: 0.002 | H126: 0.022 | I126: 0.033 | J126: 201780 | K126: 116 | L126: 13793 | M126: 86908 | N126: =J126-(L126+M126) -> 101079 | O126: 2821 | P126: 0.047 | Q126: 2787 | R126: 0.001 | S126: 0 | T126: 0.002 | U126: 0 | V126: 0.038 | W126: 215883 | X126: 116 | Y126: 15564 | Z126: 92553 | AA126: =W126-(Y126+Z126) -> 107766 | AB126: 2821 | AC126: 0.063 | AD126: 0 | AE126: 0 | AF126: 2821 | AG126: 0.002 | AH126: 0.024 | AI126: 0.034 | AJ126: 201780 | AK126: 116 | AL126: 13793 | AM126: 86908 | AN126: =AJ126-(AL126+AM126) -> 101079
A127: RP_SC_N-100_I-2_R-0.95 | B127: 3165 | C127: 0.05 | D127: 3126 | E127: 0.001 | F127: 3165 | G127: 0.002 | H127: 0.021 | I127: 0.021 | J127: 140844 | K127: 88 | L127: 5103 | M127: 65212 | N127: =J127-(L127+M127) -> 70529 | O127: 3165 | P127: 0.032 | Q127: 3126 | R127: 0.001 | S127: 0 | T127: 0.002 | U127: 0 | V127: 0.023 | W127: 161340 | X127: 88 | Y127: 4943 | Z127: 75581 | AA127: =W127-(Y127+Z127) -> 80816 | AB127: 3165 | AC127: 0.053 | AD127: 0 | AE127: 0 | AF127: 3165 | AG127: 0.002 | AH127: 0.025 | AI127: 0.021 | AJ127: 140844 | AK127: 88 | AL127: 5103 | AM127: 65212 | AN127: =AJ127-(AL127+AM127) -> 70529
A128: RP_SC_N-100_I-2_R-0.99 | B128: 3017 | C128: 0.085 | D128: 2952 | E128: 0.001 | F128: 3017 | G128: 0.002 | H128: 0.024 | I128: 0.052 | J128: 268209 | K128: 135 | L128: 12906 | M128: 121470 | N128: =J128-(L128+M128) -> 133833 | O128: 3017 | P128: 0.07 | Q128: 2952 | R128: 0.001 | S128: 0 | T128: 0.002 | U128: 0 | V128: 0.063 | W128: 300319 | X128: 135 | Y128: 11967 | Z128: 138747 | AA128: =W128-(Y128+Z128) -> 149605 | AB128: 3017 | AC128: 0.083 | AD128: 0 | AE128: 0 | AF128: 3017 | AG128: 0.002 | AH128: 0.025 | AI128: 0.053 | AJ128: 268209 | AK128: 135 | AL128: 12906 | AM128: 121470 | AN128: =AJ128-(AL128+AM128) -> 133833
A129: RP_SC_N-100_I-3_R-0.95 | B129: 3101 | C129: 0.041 | D129: 3091 | E129: 0.001 | F129: 3101 | G129: 0.002 | H129: 0.016 | I129: 0.015 | J129: 109440 | K129: 66 | L129: 10358 | M129: 44486 | N129: =J129-(L129+M129) -> 54596 | O129: 3101 | P129: 0.025 | Q129: 3091 | R129: 0.001 | S129: 0 | T129: 0.002 | U129: 0 | V129: 0.017 | W129: 117272 | X129: 66 | Y129: 10188 | Z129: 48543 | AA129: =W129-(Y129+Z129) -> 58541 | AB129: 3101 | AC129: 0.045 | AD129: 0 | AE129: 0 | AF129: 3101 | AG129: 0.002 | AH129: 0.022 | AI129: 0.016 | AJ129: 109440 | AK129: 66 | AL129: 10358 | AM129: 44486 | AN129: =AJ129-(AL129+AM129) -> 54596
A130: RP_SC_N-100_I-3_R-0.99 | B130: 2964 | C130: 0.067 | D130: 2938 | E130: 0.001 | F130: 2964 | G130: 0.002 | H130: 0.024 | I130: 0.034 | J130: 205190 | K130: 106 | L130: 12010 | M130: 90696 | N130: =J130-(L130+M130) -> 102484 | O130: 2964 | P130: 0.045 | Q130: 2938 | R130: 0.001 | S130: 0 | T130: 0.002 | U130: 0 | V130: 0.037 | W130: 215624 | X130: 106 | Y130: 12703 | Z130: 95493 | AA130: =W130-(Y130+Z130) -> 107428 | AB130: 2964 | AC130: 0.068 | AD130: 0 | AE130: 0 | AF130: 2964 | AG130: 0.002 | AH130: 0.026 | AI130: 0.034 | AJ130: 205190 | AK130: 106 | AL130: 12010 | AM130: 90696 | AN130: =AJ130-(AL130+AM130) -> 102484
A131: RP_SC_N-100_I-4_R-0.95 | B131: 3043 | C131: 0.049 | D131: 2984 | E131: 0.001 | F131: 3043 | G131: 0.002 | H131: 0.02 | I131: 0.02 | J131: 138429 | K131: 66 | L131: 9354 | M131: 59995 | N131: =J131-(L131+M131) -> 69080 | O131: 3043 | P131: 0.031 | Q131: 2984 | R131: 0.001 | S131: 0 | T131: 0.002 | U131: 0 | V131: 0.022 | W131: 157259 | X131: 66 | Y131: 9126 | Z131: 69612 | AA131: =W131-(Y131+Z131) -> 78521 | AB131: 3043 | AC131: 0.049 | AD131: 0 | AE131: 0 | AF131: 3043 | AG131: 0.002 | AH131: 0.023 | AI131: 0.02 | AJ131: 138429 | AK131: 66 | AL131: 9354 | AM131: 59995 | AN131: =AJ131-(AL131+AM131) -> 69080
A132: RP_SC_N-100_I-4_R-0.99 | B132: 2895 | C132: 0.082 | D132: 2871 | E132: 0.001 | F132: 2895 | G132: 0.002 | H132: 0.022 | I132: 0.051 | J132: 250681 | K132: 99 | L132: 11688 | M132: 114463 | N132: =J132-(L132+M132) -> 124530 | O132: 2895 | P132: 0.064 | Q132: 2871 | R132: 0.001 | S132: 0 | T132: 0.002 | U132: 0 | V132: 0.055 | W132: 263768 | X132: 99 | Y132: 11648 | Z132: 121157 | AA132: =W132-(Y132+Z132) -> 130963 | AB132: 2895 | AC132: 0.082 | AD132: 0 | AE132: 0 | AF132: 2895 | AG132: 0.002 | AH132: 0.023 | AI132: 0.052 | AJ132: 250681 | AK132: 99 | AL132: 11688 | AM132: 114463 | AN132: =AJ132-(AL132+AM132) -> 124530
A133: RP_SC_N-400_I-0_R-0.95 | B133: 13027 | C133: 0.448 | D133: 12942 | E133: 0.013 | F133: 13027 | G133: 0.036 | H133: 0.213 | I133: 0.18 | J133: 1383113 | K133: 84 | L133: 43391 | M133: 648916 | N133: =J133-(L133+M133) -> 690806 | O133: 13027 | P133: 0.27 | Q133: 12942 | R133: 0.013 | S133: 0 | T133: 0.036 | U133: 0 | V133: 0.215 | W133: 1712246 | X133: 84 | Y133: 43013 | Z133: 813316 | AA133: =W133-(Y133+Z133) -> 855917 | AB133: 13027 | AC133: 0.567 | AD133: 0 | AE133: 0 | AF133: 13027 | AG133: 0.036 | AH133: 0.334 | AI133: 0.191 | AJ133: 1383113 | AK133: 84 | AL133: 43391 | AM133: 648916 | AN133: =AJ133-(AL133+AM133) -> 690806
A134: RP_SC_N-400_I-0_R-0.99 | B134: 12701 | C134: 1.069 | D134: 12607 | E134: 0.013 | F134: 12701 | G134: 0.036 | H134: 0.353 | I134: 0.66 | J134: 4093329 | K134: 152 | L134: 79981 | M134: 1967785 | N134: =J134-(L134+M134) -> 2045563 | O134: 12701 | P134: 0.739 | Q134: 12607 | R134: 0.013 | S134: 0 | T134: 0.036 | U134: 0 | V134: 0.685 | W134: 4266307 | X134: 152 | Y134: 80987 | Z134: 2053654 | AA134: =W134-(Y134+Z134) -> 2131666 | AB134: 12701 | AC134: 1.14 | AD134: 0 | AE134: 0 | AF134: 12701 | AG134: 0.036 | AH134: 0.424 | AI134: 0.674 | AJ134: 4093329 | AK134: 152 | AL134: 79981 | AM134: 1967785 | AN134: =AJ134-(AL134+AM134) -> 2045563
A135: RP_SC_N-400_I-1_R-0.95 | B135: 12424 | C135: 0.349 | D135: 12404 | E135: 0.013 | F135: 12424 | G135: 0.034 | H135: 0.155 | I135: 0.14 | J135: 1032175 | K135: 50 | L135: 34409 | M135: 483166 | N135: =J135-(L135+M135) -> 514600 | O135: 12424 | P135: 0.203 | Q135: 12404 | R135: 0.013 | S135: 0 | T135: 0.034 | U135: 0 | V135: 0.151 | W135: 1132070 | X135: 50 | Y135: 33268 | Z135: 533774 | AA135: =W135-(Y135+Z135) -> 565028 | AB135: 12424 | AC135: 0.489 | AD135: 0 | AE135: 0 | AF135: 12424 | AG135: 0.034 | AH135: 0.302 | AI135: 0.148 | AJ135: 1032175 | AK135: 50 | AL135: 34409 | AM135: 483166 | AN135: =AJ135-(AL135+AM135) -> 514600
... A182: RP_SS_N-900_I-4_R-0.99 | B182: 22294 | C182: 224.609 | D182: 22206 | E182: 0.147 | F182: 22294 | G182: 0.173 | H182: 5.035 | I182: 219.245 | J182: 246390265 | K182: 236645 | L182: 223326 | M182: 122735015 | N182: =J182-(L182+M182) -> 123431924 | O182: 22294 | P182: 225.336 | Q182: 22206 | R182: 0.146 | S182: 0 | T182: 0.172 | U182: 0 | V182: 225.01 | W182: 262765761 | X182: 236645 | Y182: 207113 | Z182: 130944368 | AA182: =W182-(Y182+Z182) -> 131614280 | AB182: 22294 | AC182: 216.461 | AD182: 0 | AE182: 0 | AF182: 22294 | AG182: 0.173 | AH182: 5.28 | AI182: 211.001 | AJ182: 246390265 | AK182: 236645 | AL182: 223326 | AM182: 122735015 | AN182: =AJ182-(AL182+AM182) -> 123431924
B183: =AVERAGE(B3:B182) -> 13130.356 | C183: =AVERAGE(C3:C182) -> 13.512361 | D183: =AVERAGE(D3:D182) -> 13031.661 | E183: =AVERAGE(E3:E182) -> 0.030811111 | F183: =AVERAGE(F3:F182) -> 13124.906 | G183: =AVERAGE(G3:G182) -> 0.072288889 | H183: =AVERAGE(H3:H182) -> 0.84265556 | I183: =AVERAGE(I3:I182) -> 12.559833 | ... AN183: =AVERAGE(AN3:AN182) -> 9730275.7
A185: Time (s) | B185: 1-def | C185: 3-maskHLA | D185: 4-maskTS | L185: generated labels | M185: 1-def | N185: 3-maskHLA | O185: 4-maskTS
A186: Minimum | B186: =MIN(C3:C182) -> 0.025 | C186: =min(P3:P182) -> 0.019 | D186: =min(AC3:AC182) -> 0.026 | L186: Minimum | M186: =min(J3:J182) -> 45180 | N186: =min(W3:W182) -> 53803 | O186: =min(AJ3:AJ182) -> 45180
A187: Quartile1 | B187: =QUARTILE(C3:C182, 1) -> 0.27575 | C187: =QUARTILE(P3:P182, 1) -> 0.18275 | D187: =QUARTILE(AC3:AC182, 1) -> 0.3305 | L187: Quartile1 | M187: =quartile(J3:J182, 1) -> 658041.5 | N187: =QUARTILE(W3:W182, 1) -> 694039 | O187: =QUARTILE(AJ3:AJ182, 1) -> 658041.5
A188: Median | B188: =MEDIAN(C3:C182) -> 1.302 | C188: =MEDIAN(P3:P182) -> 0.879 | D188: =MEDIAN(AC3:AC182) -> 1.609 | L188: Median | M188: =median(J3:J182) -> 3547572 | N188: =MEDIAN(W3:W182) -> 4090530.5 | O188: =MEDIAN(AJ3:AJ182) -> 3547572
A189: Quartile3 | B189: =QUARTILE(C3:C182, 3) -> 5.89275 | C189: =QUARTILE(P3:P182, 3) -> 4.6425 | D189: =QUARTILE(AC3:AC182, 3) -> 6.41 | L189: Quartile3 | M189: =quartile(J3:J182, 3) -> 17449852 | N189: =QUARTILE(W3:W182, 3) -> 19989782 | O189: =QUARTILE(AJ3:AJ182, 3) -> 17449852
A190: Maximum | B190: =max(C3:C182) -> 238.203 | C190: =max(P3:P182) -> 238.343 | D190: =max(AC3:AC182) -> 231.905 | L190: Maximum | M190: =MAX(J3:J182) -> 253790760 | N190: =MAX(W3:W182) -> 268721005 | O190: =MAX(AJ3:AJ182) -> 253790760
A191: Avg | B191: =average(C3:C182) -> 13.512361 | C191: =average(P3:P182) -> 12.850394 | D191: =average(AC3:AC182) -> 13.493294 | L191: Avg | M191: =AVERAGE(J3:J182) -> 19468350 | N191: =AVERAGE(W3:W182) -> 20660837 | O191: =AVERAGE(AJ3:AJ182) -> 19468350
A192: OOM | B192: =COUNTIF(B3:B182,"OOM") -> 0 | C192: =COUNTIF(O3:O182,"OOM") -> 0 | D192: =COUNTIF(AB3:AB182,"OOM") -> 0
L194: non-dominated labels | M194: 1-def | N194: 3-maskHLA | O194: 4-maskTS
L195: Minimum | M195: =min(N3:N182) -> 21702 | N195: =min(AA3:AA182) -> 26032 | O195: =min(AN3:AN182) -> 21702
L196: Quartile1 | M196: =QUARTILE(N3:N182, 1) -> 326770 | N196: =QUARTILE(AA3:AA182, 1) -> 344843.75 | O196: =quartile(AN3:AN182, 1) -> 326770
L197: Median | M197: =median(N3:N182) -> 1760509 | N197: =MEDIAN(AA3:AA182) -> 2028214.5 | O197: =MEDIAN(AN3:AN182) -> 1760509
L198: Quartile3 | M198: =quartile(N3:N182, 3) -> 8701030 | N198: =quartile(AA3:AA182, 3) -> 9972323.2 | O198: =QUARTILE(AN3:AN182, 3) -> 8701030
L199: Maximum | M199: =max(N3:N182) -> 127137829 | N199: =max(AA3:AA182) -> 134598139 | O199: =MAX(AN3:AN182) -> 127137829
L200: Avg | M200: =AVERAGE(N3:N182) -> 9730275.7 | N200: =AVERAGE(AA3:AA182) -> 10327781 | O200: =AVERAGE(AN3:AN182) -> 9730275.7

Sheet theta=20
A1: Filename | B1: 1-def | O1: 3-maskHLA | AB1: 4-maskTS
B2: My_Obj_Val | C2: My_Time_s | D2: My_TS_Val | E2: my_TSTime | F2: My_HLA_Val | G2: my_fracKPTime | H2: My_HLATime | I2: My_exactTime | J2: my_labelNum | K2: my_nonlabelNum | L2: my_CBfathomedlabelNum | M2: my_dominatedlabelNum | N2: non_dominated | O2: My_Obj_Val | P2: My_Time_s | Q2: My_TS_Val | R2: my_TSTime | S2: My_HLA_Val | T2: my_fracKPTime | U2: My_HLATime | V2: My_exactTime | W2: my_labelNum | X2: my_nonlabelNum | Y2: my_CBfathomedlabelNum | Z2: my_dominatedlabelNum | AA2: non-dominated | AB2: My_Obj_Val | AC2: My_Time_s | AD2: My_TS_Val | AE2: my_TSTime | AF2: My_HLA_Val | AG2: my_fracKPTime | AH2: My_HLATime | AI2: My_exactTime | AJ2: my_labelNum | AK2: my_nonlabelNum | AL2: my_CBfathomedlabelNum | AM2: my_dominatedlabelNum | AN2: non-dominated
A3: RP_ICR_N-100_I-0_R-0.95 | B3: 2804 | C3: 0.031 | D3: 2783 | E3: 0.001 | F3: 2804 | G3: 0.002 | H3: 0.011 | I3: 0.012 | J3: 57366 | K3: 2 | L3: 4722 | M3: 24205 | N3: =J3-(L3+M3) -> 28439 | O3: 2804 | P3: 0.024 | Q3: 2783 | R3: 0.001 | S3: 0 | T3: 0.002 | U3: 0 | V3: 0.016 | W3: 77692 | X3: 2 | Y3: 4803 | Z3: 34482 | AA3: =W3-(Y3+Z3) -> 38407 | AB3: 2804 | AC3: 0.033 | AD3: 0 | AE3: 0 | AF3: 2804 | AG3: 0.002 | AH3: 0.013 | AI3: 0.012 | AJ3: 57366 | AK3: 2 | AL3: 4722 | AM3: 24205 | AN3: =AJ3-(AL3+AM3) -> 28439
A4: RP_ICR_N-100_I-0_R-0.99 | B4: 2672 | C4: 0.065 | D4: 2641 | E4: 0.001 | F4: 2672 | G4: 0.002 | H4: 0.013 | I4: 0.044 | J4: 180783 | K4: 2 | L4: 16024 | M4: 77033 | N4: =J4-(L4+M4) -> 87726 | O4: 2672 | P4: 0.058 | Q4: 2641 | R4: 0.001 | S4: 0 | T4: 0.002 | U4: 0 | V4: 0.049 | W4: 197209 | X4: 2 | Y4: 15080 | Z4: 86304 | AA4: =W4-(Y4+Z4) -> 95825 | AB4: 2672 | AC4: 0.065 | AD4: 0 | AE4: 0 | AF4: 2672 | AG4: 0.002 | AH4: 0.013 | AI4: 0.044 | AJ4: 180783 | AK4: 2 | AL4: 16024 | AM4: 77033 | AN4: =AJ4-(AL4+AM4) -> 87726
A5: RP_ICR_N-100_I-1_R-0.95 | B5: 2767 | C5: 0.032 | D5: 2759 | E5: 0.001 | F5: 2767 | G5: 0.002 | H5: 0.01 | I5: 0.012 | J5: 59952 | K5: 2 | L5: 4737 | M5: 25564 | N5: =J5-(L5+M5) -> 29651 | O5: 2767 | P5: 0.023 | Q5: 2759 | R5: 0.001 | S5: 0 | T5: 0.002 | U5: 0 | V5: 0.015 | W5: 68251 | X5: 2 | Y5: 4649 | Z5: 29895 | AA5: =W5-(Y5+Z5) -> 33707 | AB5: 2767 | AC5: 0.031 | AD5: 0 | AE5: 0 | AF5: 2767 | AG5: 0.002 | AH5: 0.011 | AI5: 0.012 | AJ5: 59952 | AK5: 2 | AL5: 4737 | AM5: 25564 | AN5: =AJ5-(AL5+AM5) -> 29651
A6: RP_ICR_N-100_I-1_R-0.99 | B6: 2633 | C6: 0.063 | D6: 2598 | E6: 0.001 | F6: 2633 | G6: 0.002 | H6: 0.012 | I6: 0.041 | J6: 165151 | K6: 2 | L6: 12730 | M6: 72291 | N6: =J6-(L6+M6) -> 80130 | O6: 2633 | P6: 0.055 | Q6: 2598 | R6: 0.001 | S6: 0 | T6: 0.002 | U6: 0 | V6: 0.047 | W6: 177618 | X6: 2 | Y6: 11755 | Z6: 79500 | AA6: =W6-(Y6+Z6) -> 86363 | AB6: 2633 | AC6: 0.061 | AD6: 0 | AE6: 0 | AF6: 2633 | AG6: 0.002 | AH6: 0.012 | AI6: 0.041 | AJ6: 165151 | AK6: 2 | AL6: 12730 | AM6: 72291 | AN6: =AJ6-(AL6+AM6) -> 80130
A7: RP_ICR_N-100_I-2_R-0.95 | B7: 2778 | C7: 0.034 | D7: 2722 | E7: 0.001 | F7: 2778 | G7: 0.002 | H7: 0.012 | I7: 0.013 | J7: 59417 | K7: 2 | L7: 5736 | M7: 24935 | N7: =J7-(L7+M7) -> 28746 | O7: 2778 | P7: 0.035 | Q7: 2722 | R7: 0.001 | S7: 0 | T7: 0.002 | U7: 0 | V7: 0.026 | W7: 109490 | X7: 2 | Y7: 5851 | Z7: 50535 | AA7: =W7-(Y7+Z7) -> 53104 | AB7: 2778 | AC7: 0.034 | AD7: 0 | AE7: 0 | AF7: 2778 | AG7: 0.002 | AH7: 0.013 | AI7: 0.013 | AJ7: 59417 | AK7: 2 | AL7: 5736 | AM7: 24935 | AN7: =AJ7-(AL7+AM7) -> 28746
A8: RP_ICR_N-100_I-2_R-0.99 | B8: 2638 | C8: 0.099 | D8: 2631 | E8: 0.001 | F8: 2638 | G8: 0.002 | H8: 0.013 | I8: 0.077 | J8: 241892 | K8: 2 | L8: 14290 | M8: 109306 | N8: =J8-(L8+M8) -> 118296 | O8: 2638 | P8: 0.089 | Q8: 2631 | R8: 0.001 | S8: 0 | T8: 0.002 | U8: 0 | V8: 0.08 | W8: 247055 | X8: 2 | Y8: 14133 | Z8: 112130 | AA8: =W8-(Y8+Z8) -> 120792 | AB8: 2638 | AC8: 0.099 | AD8: 0 | AE8: 0 | AF8: 2638 | AG8: 0.002 | AH8: 0.013 | AI8: 0.078 | AJ8: 241892 | AK8: 2 | AL8: 14290 | AM8: 109306 | AN8: =AJ8-(AL8+AM8) -> 118296
A9: RP_ICR_N-100_I-3_R-0.95 | B9: 2428 | C9: 0.028 | D9: 2427 | E9: 0.001 | F9: 2428 | G9: 0.002 | H9: 0.008 | I9: 0.011 | J9: 52610 | K9: 2 | L9: 4104 | M9: 23042 | N9: =J9-(L9+M9) -> 25464 | O9: 2428 | P9: 0.02 | Q9: 2427 | R9: 0.001 | S9: 0 | T9: 0.002 | U9: 0 | V9: 0.011 | W9: 53466 | X9: 2 | Y9: 4074 | Z9: 23513 | AA9: =W9-(Y9+Z9) -> 25879 | AB9: 2428 | AC9: 0.029 | AD9: 0 | AE9: 0 | AF9: 2428 | AG9: 0.002 | AH9: 0.01 | AI9: 0.011 | AJ9: 52610 | AK9: 2 | AL9: 4104 | AM9: 23042 | AN9: =AJ9-(AL9+AM9) -> 25464
A10: RP_ICR_N-100_I-3_R-0.99 | B10: 2287 | C10: 0.053 | D10: 2245 | E10: 0.001 | F10: 2287 | G10: 0.002 | H10: 0.011 | I10: 0.03 | J10: 130200 | K10: 2 | L10: 7177 | M10: 59029 | N10: =J10-(L10+M10) -> 63994 | O10: 2287 | P10: 0.039 | Q10: 2245 | R10: 0.001 | S10: 0 | T10: 0.002 | U10: 0 | V10: 0.031 | W10: 133304 | X10: 2 | Y10: 7204 | Z10: 60637 | AA10: =W10-(Y10+Z10) -> 65463 | AB10: 2287 | AC10: 0.049 | AD10: 0 | AE10: 0 | AF10: 2287 | AG10: 0.002 | AH10: 0.011 | AI10: 0.03 | AJ10: 130200 | AK10: 2 | AL10: 7177 | AM10: 59029 | AN10: =AJ10-(AL10+AM10) -> 63994
A11: RP_ICR_N-100_I-4_R-0.95 | B11: 2557 | C11: 0.027 | D11: 2513 | E11: 0.001 | F11: 2557 | G11: 0.002 | H11: 0.01 | I11: 0.009 | J11: 45063 | K11: 2 | L11: 3948 | M11: 19460 | N11: =J11-(L11+M11) -> 21655 | O11: 2557 | P11: 0.02 | Q11: 2513 | R11: 0.001 | S11: 0 | T11: 0.002 | U11: 0 | V11: 0.012 | W11: 60694 | X11: 2 | Y11: 3726 | Z11: 27562 | AA11: =W11-(Y11+Z11) -> 29406 | AB11: 2557 | AC11: 0.027 | AD11: 0 | AE11: 0 | AF11: 2557 | AG11: 0.002 | AH11: 0.01 | AI11: 0.009 | AJ11: 45063 | AK11: 2 | AL11: 3948 | AM11: 19460 | AN11: =AJ11-(AL11+AM11) -> 21655
A12: RP_ICR_N-100_I-4_R-0.99 | B12: 2422 | C12: 0.046 | D12: 2366 | E12: 0.001 | F12: 2422 | G12: 0.002 | H12: 0.012 | I12: 0.027 | J12: 113668 | K12: 2 | L12: 9167 | M12: 49239 | N12: =J12-(L12+M12) -> 55262 | O12: 2422 | P12: 0.04 | Q12: 2366 | R12: 0.001 | S12: 0 | T12: 0.002 | U12: 0 | V12: 0.031 | W12: 122916 | X12: 2 | Y12: 8876 | Z12: 54407 | AA12: =W12-(Y12+Z12) -> 59633 | AB12: 2422 | AC12: 0.046 | AD12: 0 | AE12: 0 | AF12: 2422 | AG12: 0.002 | AH12: 0.012 | AI12: 0.027 | AJ12: 113668 | AK12: 2 | AL12: 9167 | AM12: 49239 | AN12: =AJ12-(AL12+AM12) -> 55262
A13: RP_ICR_N-400_I-0_R-0.95 | B13: 10493 | C13: 0.317 | D13: 10488 | E13: 0.013 | F13: 10493 | G13: 0.038 | H13: 0.124 | I13: 0.135 | J13: 669932 | K13: 2 | L13: 17289 | M13: 322351 | N13: =J13-(L13+M13) -> 330292 | O13: 10493 | P13: 0.198 | Q13: 10488 | R13: 0.013 | S13: 0 | T13: 0.038 | U13: 0 | V13: 0.141 | W13: 703458 | X13: 2 | Y13: 17336 | Z13: 339190 | AA13: =W13-(Y13+Z13) -> 346932 | AB13: 10493 | AC13: 0.394 | AD13: 0 | AE13: 0 | AF13: 10493 | AG13: 0.038 | AH13: 0.215 | AI13: 0.136 | AJ13: 669932 | AK13: 2 | AL13: 17289 | AM13: 322351 | AN13: =AJ13-(AL13+AM13) -> 330292
A14: RP_ICR_N-400_I-0_R-0.99 | B14: 10198 | C14: 1.244 | D14: 10149 | E14: 0.013 | F14: 10198 | G14: 0.038 | H14: 0.216 | I14: 0.971 | J14: 3186810 | K14: 2 | L14: 62049 | M14: 1546949 | N14: =J14-(L14+M14) -> 1577812 | O14: 10198 | P14: 1.246 | Q14: 10149 | R14: 0.013 | S14: 0 | T14: 0.038 | U14: 0 | V14: 1.189 | W14: 3697076 | X14: 2 | Y14: 64080 | Z14: 1802139 | AA14: =W14-(Y14+Z14) -> 1830857 | AB14: 10198 | AC14: 1.246 | AD14: 0 | AE14: 0 | AF14: 10198 | AG14: 0.038 | AH14: 0.235 | AI14: 0.968 | AJ14: 3186810 | AK14: 2 | AL14: 62049 | AM14: 1546949 | AN14: =AJ14-(AL14+AM14) -> 1577812
... A122: RP_SCU_N-900_I-4_R-0.99 | B122: 27615 | C122: 75.143 | D122: 27354 | E122: 0.06 | F122: 27609 | G122: 0.177 | H122: 2.953 | I122: 71.945 | J122: 77792722 | K122: 459 | L122: 278035 | M122: 38729777 | N122: =J122-(L122+M122) -> 38784910 | O122: 27615 | P122: 65.726 | Q122: 27354 | R122: 0.06 | S122: 0 | T122: 0.177 | U122: 0 | V122: 65.478 | W122: 79311292 | X122: 459 | Y122: 191884 | Z122: 39537528 | AA122: =W122-(Y122+Z122) -> 39581880 | AB122: 27615 | AC122: 72.201 | AD122: 0 | AE122: 0 | AF122: 27609 | AG122: 0.177 | AH122: 3.257 | AI122: 68.76 | AJ122: 77792722 | AK122: 459 | AL122: 278035 | AM122: 38729777 | AN122: =AJ122-(AL122+AM122) -> 38784910
A123: RP_SC_N-100_I-0_R-0.95 | B123: 3196 | C123: 0.047 | D123: 3144 | E123: 0.001 | F123: 3196 | G123: 0.002 | H123: 0.02 | I123: 0.017 | J123: 115084 | K123: 8 | L123: 10882 | M123: 47457 | N123: =J3-(L3+M3) -> 28439 | O123: 3196 | P123: 0.029 | Q123: 3144 | R123: 0.001 | S123: 0 | T123: 0.002 | U123: 0 | V123: 0.021 | W123: 141910 | X123: 8 | Y123: 10837 | Z123: 60879 | AA123: =W3-(Y3+Z3) -> 38407 | AB123: 3196 | AC123: 0.048 | AD123: 0 | AE123: 0 | AF123: 3196 | AG123: 0.002 | AH123: 0.024 | AI123: 0.017 | AJ123: 115084 | AK123: 8 | AL123: 10882 | AM123: 47457 | AN123: =AJ3-(AL3+AM3) -> 28439
A124: RP_SC_N-100_I-0_R-0.99 | B124: 3047 | C124: 0.073 | D124: 3044 | E124: 0.001 | F124: 3047 | G124: 0.002 | H124: 0.027 | I124: 0.037 | J124: 218550 | K124: 115 | L124: 7017 | M124: 101801 | N124: =J124-(L124+M124) -> 109732 | O124: 3047 | P124: 0.045 | Q124: 3044 | R124: 0.001 | S124: 0 | T124: 0.002 | U124: 0 | V124: 0.038 | W124: 219053 | X124: 115 | Y124: 6958 | Z124: 102097 | AA124: =W124-(Y124+Z124) -> 109998 | AB124: 3047 | AC124: 0.076 | AD124: 0 | AE124: 0 | AF124: 3047 | AG124: 0.002 | AH124: 0.029 | AI124: 0.038 | AJ124: 218550 | AK124: 115 | AL124: 7017 | AM124: 101801 | AN124: =AJ124-(AL124+AM124) -> 109732
A125: RP_SC_N-100_I-1_R-0.95 | B125: 2952 | C125: 0.039 | D125: 2915 | E125: 0.001 | F125: 2952 | G125: 0.002 | H125: 0.017 | I125: 0.015 | J125: 98559 | K125: 83 | L125: 8305 | M125: 40807 | N125: =J125-(L125+M125) -> 49447 | O125: 2952 | P125: 0.026 | Q125: 2915 | R125: 0.001 | S125: 0 | T125: 0.002 | U125: 0 | V125: 0.018 | W125: 117959 | X125: 83 | Y125: 8360 | Z125: 50428 | AA125: =W125-(Y125+Z125) -> 59171 | AB125: 2952 | AC125: 0.044 | AD125: 0 | AE125: 0 | AF125: 2952 | AG125: 0.002 | AH125: 0.021 | AI125: 0.015 | AJ125: 98559 | AK125: 83 | AL125: 8305 | AM125: 40807 | AN125: =AJ125-(AL125+AM125) -> 49447
A126: RP_SC_N-100_I-1_R-0.99 | B126: 2821 | C126: 0.068 | D126: 2787 | E126: 0.001 | F126: 2821 | G126: 0.002 | H126: 0.024 | I126: 0.034 | J126: 197865 | K126: 116 | L126: 11857 | M126: 86604 | N126: =J126-(L126+M126) -> 99404 | O126: 2821 | P126: 0.044 | Q126: 2787 | R126: 0.001 | S126: 0 | T126: 0.002 | U126: 0 | V126: 0.036 | W126: 203360 | X126: 116 | Y126: 11567 | Z126: 89641 | AA126: =W126-(Y126+Z126) -> 102152 | AB126: 2821 | AC126: 0.068 | AD126: 0 | AE126: 0 | AF126: 2821 | AG126: 0.002 | AH126: 0.025 | AI126: 0.035 | AJ126: 197865 | AK126: 116 | AL126: 11857 | AM126: 86604 | AN126: =AJ126-(AL126+AM126) -> 99404
A127: RP_SC_N-100_I-2_R-0.95 | B127: 3165 | C127: 0.053 | D127: 3126 | E127: 0.001 | F127: 3165 | G127: 0.002 | H127: 0.023 | I127: 0.022 | J127: 140844 | K127: 88 | L127: 5103 | M127: 65212 | N127: =J127-(L127+M127) -> 70529 | O127: 3165 | P127: 0.033 | Q127: 3126 | R127: 0.001 | S127: 0 | T127: 0.002 | U127: 0 | V127: 0.025 | W127: 161340 | X127: 88 | Y127: 4943 | Z127: 75581 | AA127: =W127-(Y127+Z127) -> 80816 | AB127: 3165 | AC127: 0.057 | AD127: 0 | AE127: 0 | AF127: 3165 | AG127: 0.002 | AH127: 0.027 | AI127: 0.022 | AJ127: 140844 | AK127: 88 | AL127: 5103 | AM127: 65212 | AN127: =AJ127-(AL127+AM127) -> 70529
A128: RP_SC_N-100_I-2_R-0.99 | B128: 3017 | C128: 0.076 | D128: 2952 | E128: 0.001 | F128: 3017 | G128: 0.002 | H128: 0.026 | I128: 0.041 | J128: 223791 | K128: 135 | L128: 6815 | M128: 104405 | N128: =J128-(L128+M128) -> 112571 | O128: 3017 | P128: 0.055 | Q128: 2952 | R128: 0.001 | S128: 0 | T128: 0.002 | U128: 0 | V128: 0.048 | W128: 244151 | X128: 135 | Y128: 7342 | Z128: 114391 | AA128: =W128-(Y128+Z128) -> 122418 | AB128: 3017 | AC128: 0.076 | AD128: 0 | AE128: 0 | AF128: 3017 | AG128: 0.002 | AH128: 0.027 | AI128: 0.042 | AJ128: 223791 | AK128: 135 | AL128: 6815 | AM128: 104405 | AN128: =AJ128-(AL128+AM128) -> 112571
A129: RP_SC_N-100_I-3_R-0.95 | B129: 3101 | C129: 0.043 | D129: 3091 | E129: 0.001 | F129: 3101 | G129: 0.002 | H129: 0.017 | I129: 0.017 | J129: 109440 | K129: 66 | L129: 10358 | M129: 44486 | N129: =J129-(L129+M129) -> 54596 | O129: 3101 | P129: 0.026 | Q129: 3091 | R129: 0.001 | S129: 0 | T129: 0.002 | U129: 0 | V129: 0.018 | W129: 117272 | X129: 66 | Y129: 10188 | Z129: 48543 | AA129: =W129-(Y129+Z129) -> 58541 | AB129: 3101 | AC129: 0.049 | AD129: 0 | AE129: 0 | AF129: 3101 | AG129: 0.002 | AH129: 0.023 | AI129: 0.017 | AJ129: 109440 | AK129: 66 | AL129: 10358 | AM129: 44486 | AN129: =AJ129-(AL129+AM129) -> 54596
A130: RP_SC_N-100_I-3_R-0.99 | B130: 2964 | C130: 0.068 | D130: 2938 | E130: 0.001 | F130: 2964 | G130: 0.002 | H130: 0.026 | I130: 0.033 | J130: 198317 | K130: 106 | L130: 9107 | M130: 89693 | N130: =J130-(L130+M130) -> 99517 | O130: 2964 | P130: 0.043 | Q130: 2938 | R130: 0.001 | S130: 0 | T130: 0.002 | U130: 0 | V130: 0.034 | W130: 201632 | X130: 106 | Y130: 8466 | Z130: 91985 | AA130: =W130-(Y130+Z130) -> 101181 | AB130: 2964 | AC130: 0.07 | AD130: 0 | AE130: 0 | AF130: 2964 | AG130: 0.002 | AH130: 0.028 | AI130: 0.034 | AJ130: 198317 | AK130: 106 | AL130: 9107 | AM130: 89693 | AN130: =AJ130-(AL130+AM130) -> 99517
A131: RP_SC_N-100_I-4_R-0.95 | B131: 3043 | C131: 0.052 | D131: 2984 | E131: 0.001 | F131: 3043 | G131: 0.002 | H131: 0.022 | I131: 0.021 | J131: 138429 | K131: 66 | L131: 9354 | M131: 59995 | N131: =J131-(L131+M131) -> 69080 | O131: 3043 | P131: 0.03 | Q131: 2984 | R131: 0.001 | S131: 0 | T131: 0.002 | U131: 0 | V131: 0.024 | W131: 157259 | X131: 66 | Y131: 9126 | Z131: 69612 | AA131: =W131-(Y131+Z131) -> 78521 | AB131: 3043 | AC131: 0.054 | AD131: 0 | AE131: 0 | AF131: 3043 | AG131: 0.002 | AH131: 0.024 | AI131: 0.021 | AJ131: 138429 | AK131: 66 | AL131: 9354 | AM131: 59995 | AN131: =AJ131-(AL131+AM131) -> 69080
A132: RP_SC_N-100_I-4_R-0.99 | B132: 2895 | C132: 0.071 | D132: 2871 | E132: 0.001 | F132: 2895 | G132: 0.002 | H132: 0.023 | I132: 0.038 | J132: 202652 | K132: 99 | L132: 7057 | M132: 94300 | N132: =J132-(L132+M132) -> 101295 | O132: 2895 | P132: 0.048 | Q132: 2871 | R132: 0.001 | S132: 0 | T132: 0.002 | U132: 0 | V132: 0.042 | W132: 211344 | X132: 99 | Y132: 7134 | Z132: 98713 | AA132: =W132-(Y132+Z132) -> 105497 | AB132: 2895 | AC132: 0.071 | AD132: 0 | AE132: 0 | AF132: 2895 | AG132: 0.002 | AH132: 0.025 | AI132: 0.039 | AJ132: 202652 | AK132: 99 | AL132: 7057 | AM132: 94300 | AN132: =AJ132-(AL132+AM132) -> 101295
A133: RP_SC_N-400_I-0_R-0.95 | B133: 13027 | C133: 0.48 | D133: 12942 | E133: 0.013 | F133: 13027 | G133: 0.036 | H133: 0.233 | I133: 0.194 | J133: 1383113 | K133: 84 | L133: 43391 | M133: 648916 | N133: =J133-(L133+M133) -> 690806 | O133: 13027 | P133: 0.283 | Q133: 12942 | R133: 0.013 | S133: 0 | T133: 0.036 | U133: 0 | V133: 0.231 | W133: 1712246 | X133: 84 | Y133: 43013 | Z133: 813316 | AA133: =W133-(Y133+Z133) -> 855917 | AB133: 13027 | AC133: 0.608 | AD133: 0 | AE133: 0 | AF133: 13027 | AG133: 0.036 | AH133: 0.363 | AI133: 0.203 | AJ133: 1383113 | AK133: 84 | AL133: 43391 | AM133: 648916 | AN133: =AJ133-(AL133+AM133) -> 690806
A134: RP_SC_N-400_I-0_R-0.99 | B134: 12701 | C134: 1.053 | D134: 12607 | E134: 0.013 | F134: 12701 | G134: 0.036 | H134: 0.39 | I134: 0.611 | J134: 3818887 | K134: 152 | L134: 60922 | M134: 1848117 | N134: =J134-(L134+M134) -> 1909848 | O134: 12701 | P134: 0.686 | Q134: 12607 | R134: 0.013 | S134: 0 | T134: 0.036 | U134: 0 | V134: 0.634 | W134: 3985750 | X134: 152 | Y134: 60775 | Z134: 1931670 | AA134: =W134-(Y134+Z134) -> 1993305 | AB134: 12701 | AC134: 1.13 | AD134: 0 | AE134: 0 | AF134: 12701 | AG134: 0.036 | AH134: 0.465 | AI134: 0.623 | AJ134: 3818887 | AK134: 152 | AL134: 60922 | AM134: 1848117 | AN134: =AJ134-(AL134+AM134) -> 1909848
A135: RP_SC_N-400_I-1_R-0.95 | B135: 12424 | C135: 0.371 | D135: 12404 | E135: 0.013 | F135: 12424 | G135: 0.034 | H135: 0.168 | I135: 0.15 | J135: 1032175 | K135: 50 | L135: 34409 | M135: 483166 | N135: =J135-(L135+M135) -> 514600 | O135: 12424 | P135: 0.212 | Q135: 12404 | R135: 0.013 | S135: 0 | T135: 0.034 | U135: 0 | V135: 0.162 | W135: 1132070 | X135: 50 | Y135: 33268 | Z135: 533774 | AA135: =W135-(Y135+Z135) -> 565028 | AB135: 12424 | AC135: 0.525 | AD135: 0 | AE135: 0 | AF135: 12424 | AG135: 0.034 | AH135: 0.328 | AI135: 0.158 | AJ135: 1032175 | AK135: 50 | AL135: 34409 | AM135: 483166 | AN135: =AJ135-(AL135+AM135) -> 514600
... A182: RP_SS_N-900_I-4_R-0.99 | B182: 22294 | C182: 119.137 | D182: 22206 | E182: 0.146 | F182: 22294 | G182: 0.173 | H182: 5.275 | I182: 113.538 | J182: 163620099 | K182: 158559 | L182: 144365 | M182: 81506976 | N182: =J182-(L182+M182) -> 81968758 | O182: 22294 | P182: 118.197 | Q182: 22206 | R182: 0.146 | S182: 0 | T182: 0.172 | U182: 0 | V182: 117.871 | W182: 174052311 | X182: 158559 | Y182: 129773 | Z182: 86738662 | AA182: =W182-(Y182+Z182) -> 87183876 | AB182: 22294 | AC182: 118.75 | AD182: 0 | AE182: 0 | AF182: 22294 | AG182: 0.173 | AH182: 5.729 | AI182: 112.842 | AJ182: 163620099 | AK182: 158559 | AL182: 144365 | AM182: 81506976 | AN182: =AJ182-(AL182+AM182) -> 81968758
B183: =AVERAGE(B3:B182) -> 13130.356 | C183: =AVERAGE(C3:C182) -> 10.5309 | D183: =AVERAGE(D3:D182) -> 13031.661 | E183: =AVERAGE(E3:E182) -> 0.030788889 | F183: =AVERAGE(F3:F182) -> 13124.906 | G183: =AVERAGE(G3:G182) -> 0.072294444 | H183: =AVERAGE(H3:H182) -> 0.91283889 | I183: =AVERAGE(I3:I182) -> 9.5084833 | ... AN183: =AVERAGE(AN3:AN182) -> 7913080.1
A185: Time (s) | B185: 1-def | C185: 3-maskHLA | D185: 4-maskTS | L185: generated labels | M185: 1-def | N185: 3-maskHLA | O185: 4-maskTS
A186: Minimum | B186: =MIN(C3:C182) -> 0.027 | C186: =min(P3:P182) -> 0.02 | D186: =min(AC3:AC182) -> 0.027 | L186: Minimum | M186: =min(J3:J182) -> 45063 | N186: =min(W3:W182) -> 53466 | O186: =min(AJ3:AJ182) -> 45063
A187: Quartile1 | B187: =QUARTILE(C3:C182, 1) -> 0.2855 | C187: =QUARTILE(P3:P182, 1) -> 0.1855 | D187: =QUARTILE(AC3:AC182, 1) -> 0.337 | L187: Quartile1 | M187: =quartile(J3:J182, 1) -> 634368 | N187: =QUARTILE(W3:W182, 1) -> 671551.25 | O187: =QUARTILE(AJ3:AJ182, 1) -> 634368
A188: Median | B188: =MEDIAN(C3:C182) -> 1.3725 | C188: =MEDIAN(P3:P182) -> 0.9205 | D188: =MEDIAN(AC3:AC182) -> 1.745 | L188: Median | M188: =median(J3:J182) -> 3379768 | N188: =MEDIAN(W3:W182) -> 3947636.5 | O188: =MEDIAN(AJ3:AJ182) -> 3379768
A189: Quartile3 | B189: =QUARTILE(C3:C182, 3) -> 6.31475 | C189: =QUARTILE(P3:P182, 3) -> 4.28125 | D189: =QUARTILE(AC3:AC182, 3) -> 6.75575 | L189: Quartile3 | M189: =quartile(J3:J182, 3) -> 17448995 | N189: =QUARTILE(W3:W182, 3) -> 19723560 | O189: =QUARTILE(AJ3:AJ182, 3) -> 17448995
A190: Maximum | B190: =max(C3:C182) -> 135.109 | C190: =max(P3:P182) -> 132.09 | D190: =max(AC3:AC182) -> 133.048 | L190: Maximum | M190: =MAX(J3:J182) -> 171983549 | N190: =MAX(W3:W182) -> 181741471 | O190: =MAX(AJ3:AJ182) -> 171983549
A191: Avg | B191: =average(C3:C182) -> 10.5309 | C191: =average(P3:P182) -> 9.7795444 | D191: =average(AC3:AC182) -> 10.651189 | L191: Avg | M191: =AVERAGE(J3:J182) -> 15839657 | N191: =AVERAGE(W3:W182) -> 16786864 | O191: =AVERAGE(AJ3:AJ182) -> 15839657
A192: OOM | B192: =COUNTIF(B3:B182,"OOM") -> 0 | C192: =COUNTIF(O3:O182,"OOM") -> 0 | D192: =COUNTIF(AB3:AB182,"OOM") -> 0
L194: non-dominated labels | M194: 1-def | N194: 3-maskHLA | O194: 4-maskTS
L195: Minimum | M195: =min(N3:N182) -> 21655 | N195: =min(AA3:AA182) -> 25879 | O195: =min(AN3:AN182) -> 21655
L196: Quartile1 | M196: =QUARTILE(N3:N182, 1) -> 314813.5 | N196: =QUARTILE(AA3:AA182, 1) -> 333452.75 | O196: =quartile(AN3:AN182, 1) -> 314813.5
L197: Median | M197: =median(N3:N182) -> 1673167 | N197: =MEDIAN(AA3:AA182) -> 1967060.5 | O197: =MEDIAN(AN3:AN182) -> 1673167
L198: Quartile3 | M198: =quartile(N3:N182, 3) -> 8700614.2 | N198: =quartile(AA3:AA182, 3) -> 9847412.5 | O198: =QUARTILE(AN3:AN182, 3) -> 8700614.2
L199: Maximum | M199: =max(N3:N182) -> 86149180 | N199: =max(AA3:AA182) -> 91026829 | O199: =MAX(AN3:AN182) -> 86149180
L200: Avg | M200: =AVERAGE(N3:N182) -> 7913080.1 | N200: =AVERAGE(AA3:AA182) -> 8388336.7 | O200: =AVERAGE(AN3:AN182) -> 7913080.1

Sheet theta=25
A1: Filename | B1: 1-def | O1: 3-maskHLA | AB1: 4-maskTS
B2: My_Obj_Val | C2: My_Time_s | D2: My_TS_Val | E2: my_TSTime | F2: My_HLA_Val | G2: my_fracKPTime | H2: My_HLATime | I2: My_exactTime | J2: my_labelNum | K2: my_nonlabelNum | L2: my_CBfathomedlabelNum | M2: my_dominatedlabelNum | N2: non_dominated | O2: My_Obj_Val | P2: My_Time_s | Q2: My_TS_Val | R2: my_TSTime | S2: My_HLA_Val | T2: my_fracKPTime | U2: My_HLATime | V2: My_exactTime | W2: my_labelNum | X2: my_nonlabelNum | Y2: my_CBfathomedlabelNum | Z2: my_dominatedlabelNum | AA2: non-dominated | AB2: My_Obj_Val | AC2: My_Time_s | AD2: My_TS_Val | AE2: my_TSTime | AF2: My_HLA_Val | AG2: my_fracKPTime | AH2: My_HLATime | AI2: My_exactTime | AJ2: my_labelNum | AK2: my_nonlabelNum | AL2: my_CBfathomedlabelNum | AM2: my_dominatedlabelNum | AN2: non-dominated
A3: RP_ICR_N-100_I-0_R-0.95 | B3: 2804 | C3: 0.033 | D3: 2783 | E3: 0.001 | F3: 2804 | G3: 0.002 | H3: 0.012 | I3: 0.013 | J3: 57360 | K3: 2 | L3: 4716 | M3: 24205 | N3: =J3-(L3+M3) -> 28439 | O3: 2804 | P3: 0.023 | Q3: 2783 | R3: 0.001 | S3: 0 | T3: 0.002 | U3: 0 | V3: 0.017 | W3: 77116 | X3: 2 | Y3: 4756 | Z3: 34211 | AA3: =W3-(Y3+Z3) -> 38149 | AB3: 2804 | AC3: 0.032 | AD3: 0 | AE3: 0 | AF3: 2804 | AG3: 0.002 | AH3: 0.014 | AI3: 0.013 | AJ3: 57360 | AK3: 2 | AL3: 4716 | AM3: 24205 | AN3: =AJ3-(AL3+AM3) -> 28439
A4: RP_ICR_N-100_I-0_R-0.99 | B4: 2672 | C4: 0.069 | D4: 2641 | E4: 0.001 | F4: 2672 | G4: 0.002 | H4: 0.014 | I4: 0.046 | J4: 180182 | K4: 2 | L4: 15932 | M4: 76796 | N4: =J4-(L4+M4) -> 87454 | O4: 2672 | P4: 0.057 | Q4: 2641 | R4: 0.001 | S4: 0 | T4: 0.002 | U4: 0 | V4: 0.051 | W4: 196158 | X4: 2 | Y4: 15008 | Z4: 85826 | AA4: =W4-(Y4+Z4) -> 95324 | AB4: 2672 | AC4: 0.067 | AD4: 0 | AE4: 0 | AF4: 2672 | AG4: 0.002 | AH4: 0.014 | AI4: 0.046 | AJ4: 180182 | AK4: 2 | AL4: 15932 | AM4: 76796 | AN4: =AJ4-(AL4+AM4) -> 87454
A5: RP_ICR_N-100_I-1_R-0.95 | B5: 2767 | C5: 0.032 | D5: 2759 | E5: 0.001 | F5: 2767 | G5: 0.002 | H5: 0.01 | I5: 0.013 | J5: 59952 | K5: 2 | L5: 4737 | M5: 25564 | N5: =J5-(L5+M5) -> 29651 | O5: 2767 | P5: 0.023 | Q5: 2759 | R5: 0.001 | S5: 0 | T5: 0.002 | U5: 0 | V5: 0.015 | W5: 68236 | X5: 2 | Y5: 4641 | Z5: 29893 | AA5: =W5-(Y5+Z5) -> 33702 | AB5: 2767 | AC5: 0.032 | AD5: 0 | AE5: 0 | AF5: 2767 | AG5: 0.002 | AH5: 0.012 | AI5: 0.013 | AJ5: 59952 | AK5: 2 | AL5: 4737 | AM5: 25564 | AN5: =AJ5-(AL5+AM5) -> 29651
A6: RP_ICR_N-100_I-1_R-0.99 | B6: 2633 | C6: 0.059 | D6: 2598 | E6: 0.001 | F6: 2633 | G6: 0.002 | H6: 0.013 | I6: 0.04 | J6: 157563 | K6: 2 | L6: 11776 | M6: 69207 | N6: =J6-(L6+M6) -> 76580 | O6: 2633 | P6: 0.049 | Q6: 2598 | R6: 0.001 | S6: 0 | T6: 0.002 | U6: 0 | V6: 0.043 | W6: 165685 | X6: 2 | Y6: 11230 | Z6: 73904 | AA6: =W6-(Y6+Z6) -> 80551 | AB6: 2633 | AC6: 0.06 | AD6: 0 | AE6: 0 | AF6: 2633 | AG6: 0.002 | AH6: 0.013 | AI6: 0.04 | AJ6: 157563 | AK6: 2 | AL6: 11776 | AM6: 69207 | AN6: =AJ6-(AL6+AM6) -> 76580
A7: RP_ICR_N-100_I-2_R-0.95 | B7: 2778 | C7: 0.032 | D7: 2722 | E7: 0.001 | F7: 2778 | G7: 0.002 | H7: 0.012 | I7: 0.014 | J7: 59413 | K7: 2 | L7: 5732 | M7: 24935 | N7: =J7-(L7+M7) -> 28746 | O7: 2778 | P7: 0.032 | Q7: 2722 | R7: 0.001 | S7: 0 | T7: 0.002 | U7: 0 | V7: 0.026 | W7: 107289 | X7: 2 | Y7: 5763 | Z7: 49466 | AA7: =W7-(Y7+Z7) -> 52060 | AB7: 2778 | AC7: 0.034 | AD7: 0 | AE7: 0 | AF7: 2778 | AG7: 0.002 | AH7: 0.013 | AI7: 0.014 | AJ7: 59413 | AK7: 2 | AL7: 5732 | AM7: 24935 | AN7: =AJ7-(AL7+AM7) -> 28746
A8: RP_ICR_N-100_I-2_R-0.99 | B8: 2638 | C8: 0.1 | D8: 2631 | E8: 0.001 | F8: 2638 | G8: 0.002 | H8: 0.014 | I8: 0.077 | J8: 235302 | K8: 2 | L8: 13292 | M8: 106762 | N8: =J8-(L8+M8) -> 115248 | O8: 2638 | P8: 0.086 | Q8: 2631 | R8: 0.001 | S8: 0 | T8: 0.002 | U8: 0 | V8: 0.08 | W8: 239891 | X8: 2 | Y8: 13100 | Z8: 109305 | AA8: =W8-(Y8+Z8) -> 117486 | AB8: 2638 | AC8: 0.099 | AD8: 0 | AE8: 0 | AF8: 2638 | AG8: 0.002 | AH8: 0.014 | AI8: 0.077 | AJ8: 235302 | AK8: 2 | AL8: 13292 | AM8: 106762 | AN8: =AJ8-(AL8+AM8) -> 115248
A9: RP_ICR_N-100_I-3_R-0.95 | B9: 2428 | C9: 0.026 | D9: 2427 | E9: 0.001 | F9: 2428 | G9: 0.002 | H9: 0.009 | I9: 0.012 | J9: 52531 | K9: 2 | L9: 4079 | M9: 23018 | N9: =J9-(L9+M9) -> 25434 | O9: 2428 | P9: 0.017 | Q9: 2427 | R9: 0.001 | S9: 0 | T9: 0.002 | U9: 0 | V9: 0.012 | W9: 53376 | X9: 2 | Y9: 4048 | Z9: 23484 | AA9: =W9-(Y9+Z9) -> 25844 | AB9: 2428 | AC9: 0.027 | AD9: 0 | AE9: 0 | AF9: 2428 | AG9: 0.002 | AH9: 0.011 | AI9: 0.012 | AJ9: 52531 | AK9: 2 | AL9: 4079 | AM9: 23018 | AN9: =AJ9-(AL9+AM9) -> 25434
A10: RP_ICR_N-100_I-3_R-0.99 | B10: 2287 | C10: 0.049 | D10: 2245 | E10: 0.001 | F10: 2287 | G10: 0.002 | H10: 0.012 | I10: 0.031 | J10: 128511 | K10: 2 | L10: 7042 | M10: 58265 | N10: =J10-(L10+M10) -> 63204 | O10: 2287 | P10: 0.037 | Q10: 2245 | R10: 0.001 | S10: 0 | T10: 0.002 | U10: 0 | V10: 0.032 | W10: 130631 | X10: 2 | Y10: 6975 | Z10: 59419 | AA10: =W10-(Y10+Z10) -> 64237 | AB10: 2287 | AC10: 0.05 | AD10: 0 | AE10: 0 | AF10: 2287 | AG10: 0.002 | AH10: 0.012 | AI10: 0.031 | AJ10: 128511 | AK10: 2 | AL10: 7042 | AM10: 58265 | AN10: =AJ10-(AL10+AM10) -> 63204
A11: RP_ICR_N-100_I-4_R-0.95 | B11: 2557 | C11: 0.026 | D11: 2513 | E11: 0.001 | F11: 2557 | G11: 0.002 | H11: 0.01 | I11: 0.01 | J11: 45036 | K11: 2 | L11: 3939 | M11: 19451 | N11: =J11-(L11+M11) -> 21646 | O11: 2557 | P11: 0.021 | Q11: 2513 | R11: 0.001 | S11: 0 | T11: 0.002 | U11: 0 | V11: 0.013 | W11: 60420 | X11: 2 | Y11: 3715 | Z11: 27427 | AA11: =W11-(Y11+Z11) -> 29278 | AB11: 2557 | AC11: 0.025 | AD11: 0 | AE11: 0 | AF11: 2557 | AG11: 0.002 | AH11: 0.011 | AI11: 0.01 | AJ11: 45036 | AK11: 2 | AL11: 3939 | AM11: 19451 | AN11: =AJ11-(AL11+AM11) -> 21646
A12: RP_ICR_N-100_I-4_R-0.99 | B12: 2422 | C12: 0.043 | D12: 2366 | E12: 0.001 | F12: 2422 | G12: 0.002 | H12: 0.012 | I12: 0.024 | J12: 103250 | K12: 2 | L12: 7996 | M12: 44893 | N12: =J12-(L12+M12) -> 50361 | O12: 2422 | P12: 0.034 | Q12: 2366 | R12: 0.001 | S12: 0 | T12: 0.002 | U12: 0 | V12: 0.028 | W12: 111024 | X12: 2 | Y12: 8094 | Z12: 48928 | AA12: =W12-(Y12+Z12) -> 54002 | AB12: 2422 | AC12: 0.042 | AD12: 0 | AE12: 0 | AF12: 2422 | AG12: 0.002 | AH12: 0.012 | AI12: 0.024 | AJ12: 103250 | AK12: 2 | AL12: 7996 | AM12: 44893 | AN12: =AJ12-(AL12+AM12) -> 50361
A13: RP_ICR_N-400_I-0_R-0.95 | B13: 10493 | C13: 0.321 | D13: 10488 | E13: 0.013 | F13: 10493 | G13: 0.038 | H13: 0.128 | I13: 0.138 | J13: 663077 | K13: 2 | L13: 17133 | M13: 318948 | N13: =J13-(L13+M13) -> 326996 | O13: 10493 | P13: 0.198 | Q13: 10488 | R13: 0.013 | S13: 0 | T13: 0.038 | U13: 0 | V13: 0.144 | W13: 696016 | X13: 2 | Y13: 17221 | Z13: 335465 | AA13: =W13-(Y13+Z13) -> 343330 | AB13: 10493 | AC13: 0.409 | AD13: 0 | AE13: 0 | AF13: 10493 | AG13: 0.038 | AH13: 0.221 | AI13: 0.144 | AJ13: 663077 | AK13: 2 | AL13: 17133 | AM13: 318948 | AN13: =AJ13-(AL13+AM13) -> 326996
A14: RP_ICR_N-400_I-0_R-0.99 | B14: 10198 | C14: 1.232 | D14: 10149 | E14: 0.013 | F14: 10198 | G14: 0.038 | H14: 0.227 | I14: 0.95 | J14: 3092020 | K14: 2 | L14: 58916 | M14: 1501354 | N14: =J14-(L14+M14) -> 1531750 | O14: 10198 | P14: 1.204 | Q14: 10149 | R14: 0.013 | S14: 0 | T14: 0.038 | U14: 0 | V14: 1.15 | W14: 3533501 | X14: 2 | Y14: 59639 | Z14: 1722735 | AA14: =W14-(Y14+Z14) -> 1751127 | AB14: 10198 | AC14: 1.249 | AD14: 0 | AE14: 0 | AF14: 10198 | AG14: 0.037 | AH14: 0.247 | AI14: 0.959 | AJ14: 3092020 | AK14: 2 | AL14: 58916 | AM14: 1501354 | AN14: =AJ14-(AL14+AM14) -> 1531750
... A122: RP_SCU_N-900_I-4_R-0.99 | B122: 27615 | C122: 84.325 | D122: 27354 | E122: 0.06 | F122: 27609 | G122: 0.177 | H122: 3.117 | I122: 80.966 | J122: 76423097 | K122: 459 | L122: 276808 | M122: 38040325 | N122: =J122-(L122+M122) -> 38105964 | O122: 27615 | P122: 74.79 | Q122: 27354 | R122: 0.06 | S122: 0 | T122: 0.177 | U122: 0 | V122: 74.547 | W122: 78005914 | X122: 459 | Y122: 190911 | Z122: 38879981 | AA122: =W122-(Y122+Z122) -> 38935022 | AB122: 27615 | AC122: 76.85 | AD122: 0 | AE122: 0 | AF122: 27609 | AG122: 0.177 | AH122: 3.328 | AI122: 73.341 | AJ122: 76423097 | AK122: 459 | AL122: 276808 | AM122: 38040325 | AN122: =AJ122-(AL122+AM122) -> 38105964
A123: RP_SC_N-100_I-0_R-0.95 | B123: 3196 | C123: 0.048 | D123: 3144 | E123: 0.001 | F123: 3196 | G123: 0.002 | H123: 0.021 | I123: 0.018 | J123: 115084 | K123: 8 | L123: 10882 | M123: 47457 | N123: =J3-(L3+M3) -> 28439 | O123: 3196 | P123: 0.03 | Q123: 3144 | R123: 0.001 | S123: 0 | T123: 0.002 | U123: 0 | V123: 0.022 | W123: 141910 | X123: 8 | Y123: 10837 | Z123: 60879 | AA123: =W3-(Y3+Z3) -> 38149 | AB123: 3196 | AC123: 0.05 | AD123: 0 | AE123: 0 | AF123: 3196 | AG123: 0.002 | AH123: 0.025 | AI123: 0.018 | AJ123: 115084 | AK123: 8 | AL123: 10882 | AM123: 47457 | AN123: =AJ3-(AL3+AM3) -> 28439
A124: RP_SC_N-100_I-0_R-0.99 | B124: 3047 | C124: 0.076 | D124: 3044 | E124: 0.001 | F124: 3047 | G124: 0.002 | H124: 0.029 | I124: 0.039 | J124: 218486 | K124: 115 | L124: 6972 | M124: 101801 | N124: =J124-(L124+M124) -> 109713 | O124: 3047 | P124: 0.048 | Q124: 3044 | R124: 0.001 | S124: 0 | T124: 0.002 | U124: 0 | V124: 0.04 | W124: 218960 | X124: 115 | Y124: 6899 | Z124: 102094 | AA124: =W124-(Y124+Z124) -> 109967 | AB124: 3047 | AC124: 0.077 | AD124: 0 | AE124: 0 | AF124: 3047 | AG124: 0.002 | AH124: 0.031 | AI124: 0.04 | AJ124: 218486 | AK124: 115 | AL124: 6972 | AM124: 101801 | AN124: =AJ124-(AL124+AM124) -> 109713
A125: RP_SC_N-100_I-1_R-0.95 | B125: 2952 | C125: 0.041 | D125: 2915 | E125: 0.001 | F125: 2952 | G125: 0.002 | H125: 0.018 | I125: 0.016 | J125: 98559 | K125: 83 | L125: 8305 | M125: 40807 | N125: =J125-(L125+M125) -> 49447 | O125: 2952 | P125: 0.027 | Q125: 2915 | R125: 0.001 | S125: 0 | T125: 0.002 | U125: 0 | V125: 0.019 | W125: 117959 | X125: 83 | Y125: 8360 | Z125: 50428 | AA125: =W125-(Y125+Z125) -> 59171 | AB125: 2952 | AC125: 0.047 | AD125: 0 | AE125: 0 | AF125: 2952 | AG125: 0.002 | AH125: 0.022 | AI125: 0.016 | AJ125: 98559 | AK125: 83 | AL125: 8305 | AM125: 40807 | AN125: =AJ125-(AL125+AM125) -> 49447
A126: RP_SC_N-100_I-1_R-0.99 | B126: 2821 | C126: 0.068 | D126: 2787 | E126: 0.001 | F126: 2821 | G126: 0.002 | H126: 0.026 | I126: 0.036 | J126: 197828 | K126: 116 | L126: 11832 | M126: 86604 | N126: =J126-(L126+M126) -> 99392 | O126: 2821 | P126: 0.044 | Q126: 2787 | R126: 0.001 | S126: 0 | T126: 0.002 | U126: 0 | V126: 0.037 | W126: 203156 | X126: 116 | Y126: 11446 | Z126: 89631 | AA126: =W126-(Y126+Z126) -> 102079 | AB126: 2821 | AC126: 0.072 | AD126: 0 | AE126: 0 | AF126: 2821 | AG126: 0.002 | AH126: 0.027 | AI126: 0.037 | AJ126: 197828 | AK126: 116 | AL126: 11832 | AM126: 86604 | AN126: =AJ126-(AL126+AM126) -> 99392
A127: RP_SC_N-100_I-2_R-0.95 | B127: 3165 | C127: 0.054 | D127: 3126 | E127: 0.001 | F127: 3165 | G127: 0.002 | H127: 0.024 | I127: 0.023 | J127: 140844 | K127: 88 | L127: 5103 | M127: 65212 | N127: =J127-(L127+M127) -> 70529 | O127: 3165 | P127: 0.033 | Q127: 3126 | R127: 0.001 | S127: 0 | T127: 0.002 | U127: 0 | V127: 0.026 | W127: 161340 | X127: 88 | Y127: 4943 | Z127: 75581 | AA127: =W127-(Y127+Z127) -> 80816 | AB127: 3165 | AC127: 0.058 | AD127: 0 | AE127: 0 | AF127: 3165 | AG127: 0.002 | AH127: 0.029 | AI127: 0.024 | AJ127: 140844 | AK127: 88 | AL127: 5103 | AM127: 65212 | AN127: =AJ127-(AL127+AM127) -> 70529
A128: RP_SC_N-100_I-2_R-0.99 | B128: 3017 | C128: 0.076 | D128: 2952 | E128: 0.001 | F128: 3017 | G128: 0.002 | H128: 0.028 | I128: 0.042 | J128: 221102 | K128: 135 | L128: 5653 | M128: 104052 | N128: =J128-(L128+M128) -> 111397 | O128: 3017 | P128: 0.054 | Q128: 2952 | R128: 0.001 | S128: 0 | T128: 0.002 | U128: 0 | V128: 0.046 | W128: 230568 | X128: 135 | Y128: 6028 | Z128: 108603 | AA128: =W128-(Y128+Z128) -> 115937 | AB128: 3017 | AC128: 0.079 | AD128: 0 | AE128: 0 | AF128: 3017 | AG128: 0.002 | AH128: 0.029 | AI128: 0.043 | AJ128: 221102 | AK128: 135 | AL128: 5653 | AM128: 104052 | AN128: =AJ128-(AL128+AM128) -> 111397
A129: RP_SC_N-100_I-3_R-0.95 | B129: 3101 | C129: 0.042 | D129: 3091 | E129: 0.001 | F129: 3101 | G129: 0.002 | H129: 0.018 | I129: 0.017 | J129: 109440 | K129: 66 | L129: 10358 | M129: 44486 | N129: =J129-(L129+M129) -> 54596 | O129: 3101 | P129: 0.027 | Q129: 3091 | R129: 0.001 | S129: 0 | T129: 0.002 | U129: 0 | V129: 0.019 | W129: 117272 | X129: 66 | Y129: 10188 | Z129: 48543 | AA129: =W129-(Y129+Z129) -> 58541 | AB129: 3101 | AC129: 0.05 | AD129: 0 | AE129: 0 | AF129: 3101 | AG129: 0.002 | AH129: 0.025 | AI129: 0.018 | AJ129: 109440 | AK129: 66 | AL129: 10358 | AM129: 44486 | AN129: =AJ129-(AL129+AM129) -> 54596
A130: RP_SC_N-100_I-3_R-0.99 | B130: 2964 | C130: 0.07 | D130: 2938 | E130: 0.001 | F130: 2964 | G130: 0.002 | H130: 0.028 | I130: 0.035 | J130: 198308 | K130: 106 | L130: 9100 | M130: 89693 | N130: =J130-(L130+M130) -> 99515 | O130: 2964 | P130: 0.045 | Q130: 2938 | R130: 0.001 | S130: 0 | T130: 0.002 | U130: 0 | V130: 0.036 | W130: 201598 | X130: 106 | Y130: 8442 | Z130: 91984 | AA130: =W130-(Y130+Z130) -> 101172 | AB130: 2964 | AC130: 0.074 | AD130: 0 | AE130: 0 | AF130: 2964 | AG130: 0.002 | AH130: 0.03 | AI130: 0.036 | AJ130: 198308 | AK130: 106 | AL130: 9100 | AM130: 89693 | AN130: =AJ130-(AL130+AM130) -> 99515
A131: RP_SC_N-100_I-4_R-0.95 | B131: 3043 | C131: 0.055 | D131: 2984 | E131: 0.001 | F131: 3043 | G131: 0.002 | H131: 0.023 | I131: 0.022 | J131: 138429 | K131: 66 | L131: 9354 | M131: 59995 | N131: =J131-(L131+M131) -> 69080 | O131: 3043 | P131: 0.034 | Q131: 2984 | R131: 0.001 | S131: 0 | T131: 0.002 | U131: 0 | V131: 0.025 | W131: 157259 | X131: 66 | Y131: 9126 | Z131: 69612 | AA131: =W131-(Y131+Z131) -> 78521 | AB131: 3043 | AC131: 0.056 | AD131: 0 | AE131: 0 | AF131: 3043 | AG131: 0.002 | AH131: 0.026 | AI131: 0.023 | AJ131: 138429 | AK131: 66 | AL131: 9354 | AM131: 59995 | AN131: =AJ131-(AL131+AM131) -> 69080
A132: RP_SC_N-100_I-4_R-0.99 | B132: 2895 | C132: 0.073 | D132: 2871 | E132: 0.001 | F132: 2895 | G132: 0.002 | H132: 0.025 | I132: 0.038 | J132: 194716 | K132: 99 | L132: 4319 | M132: 92731 | N132: =J132-(L132+M132) -> 97666 | O132: 2895 | P132: 0.048 | Q132: 2871 | R132: 0.001 | S132: 0 | T132: 0.002 | U132: 0 | V132: 0.039 | W132: 198792 | X132: 99 | Y132: 5093 | Z132: 94122 | AA132: =W132-(Y132+Z132) -> 99577 | AB132: 2895 | AC132: 0.073 | AD132: 0 | AE132: 0 | AF132: 2895 | AG132: 0.002 | AH132: 0.026 | AI132: 0.038 | AJ132: 194716 | AK132: 99 | AL132: 4319 | AM132: 92731 | AN132: =AJ132-(AL132+AM132) -> 97666
A133: RP_SC_N-400_I-0_R-0.95 | B133: 13027 | C133: 0.501 | D133: 12942 | E133: 0.013 | F133: 13027 | G133: 0.036 | H133: 0.246 | I133: 0.202 | J133: 1383113 | K133: 84 | L133: 43391 | M133: 648916 | N133: =J133-(L133+M133) -> 690806 | O133: 13027 | P133: 0.296 | Q133: 12942 | R133: 0.013 | S133: 0 | T133: 0.036 | U133: 0 | V133: 0.241 | W133: 1712246 | X133: 84 | Y133: 43013 | Z133: 813316 | AA133: =W133-(Y133+Z133) -> 855917 | AB133: 13027 | AC133: 0.634 | AD133: 0 | AE133: 0 | AF133: 13027 | AG133: 0.036 | AH133: 0.38 | AI133: 0.212 | AJ133: 1383113 | AK133: 84 | AL133: 43391 | AM133: 648916 | AN133: =AJ133-(AL133+AM133) -> 690806
A134: RP_SC_N-400_I-0_R-0.99 | B134: 12701 | C134: 1.039 | D134: 12607 | E134: 0.013 | F134: 12701 | G134: 0.036 | H134: 0.41 | I134: 0.576 | J134: 3654785 | K134: 152 | L134: 48728 | M134: 1777235 | N134: =J134-(L134+M134) -> 1828822 | O134: 12701 | P134: 0.656 | Q134: 12607 | R134: 0.013 | S134: 0 | T134: 0.036 | U134: 0 | V134: 0.602 | W134: 3821648 | X134: 152 | Y134: 48581 | Z134: 1860788 | AA134: =W134-(Y134+Z134) -> 1912279 | AB134: 12701 | AC134: 1.12 | AD134: 0 | AE134: 0 | AF134: 12701 | AG134: 0.036 | AH134: 0.489 | AI134: 0.588 | AJ134: 3654785 | AK134: 152 | AL134: 48728 | AM134: 1777235 | AN134: =AJ134-(AL134+AM134) -> 1828822
A135: RP_SC_N-400_I-1_R-0.95 | B135: 12424 | C135: 0.384 | D135: 12404 | E135: 0.013 | F135: 12424 | G135: 0.034 | H135: 0.175 | I135: 0.156 | J135: 1032175 | K135: 50 | L135: 34409 | M135: 483166 | N135: =J135-(L135+M135) -> 514600 | O135: 12424 | P135: 0.223 | Q135: 12404 | R135: 0.013 | S135: 0 | T135: 0.034 | U135: 0 | V135: 0.169 | W135: 1132070 | X135: 50 | Y135: 33268 | Z135: 533774 | AA135: =W135-(Y135+Z135) -> 565028 | AB135: 12424 | AC135: 0.548 | AD135: 0 | AE135: 0 | AF135: 12424 | AG135: 0.034 | AH135: 0.342 | AI135: 0.166 | AJ135: 1032175 | AK135: 50 | AL135: 34409 | AM135: 483166 | AN135: =AJ135-(AL135+AM135) -> 514600
... A182: RP_SS_N-900_I-4_R-0.99 | B182: 22294 | C182: 68.128 | D182: 22206 | E182: 0.146 | F182: 22294 | G182: 0.173 | H182: 5.872 | I182: 61.93 | J182: 115938791 | K182: 103477 | L182: 104400 | M182: 57761371 | N182: =J182-(L182+M182) -> 58073020 | O182: 22294 | P182: 66.435 | Q182: 22206 | R182: 0.146 | S182: 0 | T182: 0.172 | U182: 0 | V182: 66.109 | W182: 123736338 | X182: 103477 | Y182: 90037 | Z182: 61672745 | AA182: =W182-(Y182+Z182) -> 61973556 | AB182: 22294 | AC182: 67.848 | AD182: 0 | AE182: 0 | AF182: 22294 | AG182: 0.173 | AH182: 6.409 | AI182: 61.259 | AJ182: 115938791 | AK182: 103477 | AL182: 104400 | AM182: 57761371 | AN182: =AJ182-(AL182+AM182) -> 58073020
B183: =AVERAGE(B3:B182) -> 13130.356 | C183: =AVERAGE(C3:C182) -> 9.6008444 | D183: =AVERAGE(D3:D182) -> 13031.661 | E183: =AVERAGE(E3:E182) -> 0.0308 | F183: =AVERAGE(F3:F182) -> 13124.906 | G183: =AVERAGE(G3:G182) -> 0.072311111 | H183: =AVERAGE(H3:H182) -> 0.97421111 | I183: =AVERAGE(I3:I182) -> 8.5180167 | ... AN183: =AVERAGE(AN3:AN182) -> 7129186.6
A185: Time (s) | B185: 1-def | C185: 3-maskHLA | D185: 4-maskTS | L185: generated labels | M185: 1-def | N185: 3-maskHLA | O185: 4-maskTS
A186: Minimum | B186: =MIN(C3:C182) -> 0.026 | C186: =min(P3:P182) -> 0.017 | D186: =min(AC3:AC182) -> 0.025 | L186: Minimum | M186: =min(J3:J182) -> 45036 | N186: =min(W3:W182) -> 53376 | O186: =min(AJ3:AJ182) -> 45036
A187: Quartile1 | B187: =QUARTILE(C3:C182, 1) -> 0.27475 | C187: =QUARTILE(P3:P182, 1) -> 0.18525 | D187: =QUARTILE(AC3:AC182, 1) -> 0.27475 | L187: Quartile1 | M187: =quartile(J3:J182, 1) -> 611967.25 | N187: =QUARTILE(W3:W182, 1) -> 644521.5 | O187: =QUARTILE(AJ3:AJ182, 1) -> 611967.25
A188: Median | B188: =MEDIAN(C3:C182) -> 1.4945 | C188: =MEDIAN(P3:P182) -> 0.9345 | D188: =MEDIAN(AC3:AC182) -> 1.8225 | L188: Median | M188: =median(J3:J182) -> 3301687.5 | N188: =MEDIAN(W3:W182) -> 3878677.5 | O188: =MEDIAN(AJ3:AJ182) -> 3301687.5
A189: Quartile3 | B189: =QUARTILE(C3:C182, 3) -> 6.67975 | C189: =QUARTILE(P3:P182, 3) -> 4.428 | D189: =QUARTILE(AC3:AC182, 3) -> 7.199 | L189: Quartile3 | M189: =quartile(J3:J182, 3) -> 17370997 | N189: =QUARTILE(W3:W182, 3) -> 18874943 | O189: =QUARTILE(AJ3:AJ182, 3) -> 17370997
A190: Maximum | B190: =max(C3:C182) -> 95.773 | C190: =max(P3:P182) -> 91.375 | D190: =max(AC3:AC182) -> 96.619 | L190: Maximum | M190: =MAX(J3:J182) -> 136363863 | N190: =MAX(W3:W182) -> 144371074 | O190: =MAX(AJ3:AJ182) -> 136363863
A191: Avg | B191: =average(C3:C182) -> 9.6008444 | C191: =average(P3:P182) -> 8.7319833 | D191: =average(AC3:AC182) -> 9.80945 | L191: Avg | M191: =AVERAGE(J3:J182) -> 14273909 | N191: =AVERAGE(W3:W182) -> 15130261 | O191: =AVERAGE(AJ3:AJ182) -> 14273909
A192: OOM | B192: =COUNTIF(B3:B182,"OOM") -> 0 | C192: =COUNTIF(O3:O182,"OOM") -> 0 | D192: =COUNTIF(AB3:AB182,"OOM") -> 0
L194: non-dominated labels | M194: 1-def | N194: 3-maskHLA | O194: 4-maskTS
L195: Minimum | M195: =min(N3:N182) -> 21646 | N195: =min(AA3:AA182) -> 25844 | O195: =min(AN3:AN182) -> 21646
L196: Quartile1 | M196: =QUARTILE(N3:N182, 1) -> 303694.75 | N196: =QUARTILE(AA3:AA182, 1) -> 320066.5 | O196: =quartile(AN3:AN182, 1) -> 303694.75
L197: Median | M197: =median(N3:N182) -> 1635299 | N197: =MEDIAN(AA3:AA182) -> 1931526.5 | O197: =MEDIAN(AN3:AN182) -> 1635299
L198: Quartile3 | M198: =quartile(N3:N182, 3) -> 8661336.2 | N198: =quartile(AA3:AA182, 3) -> 9415303.2 | O198: =QUARTILE(AN3:AN182, 3) -> 8661336.2
L199: Maximum | M199: =max(N3:N182) -> 68301748 | N199: =max(AA3:AA182) -> 72305972 | O199: =MAX(AN3:AN182) -> 68301748
L200: Avg | M200: =AVERAGE(N3:N182) -> 7129186.6 | N200: =AVERAGE(AA3:AA182) -> 7559166.5 | O200: =AVERAGE(AN3:AN182) -> 7129186.6

Sheet theta=30
A1: Filename | B1: 1-def | O1: 3-maskHLA | AB1: 4-maskTS
B2: My_Obj_Val | C2: My_Time_s | D2: My_TS_Val | E2: my_TSTime | F2: My_HLA_Val | G2: my_fracKPTime | H2: My_HLATime | I2: My_exactTime | J2: my_labelNum | K2: my_nonlabelNum | L2: my_CBfathomedlabelNum | M2: my_dominatedlabelNum | N2: non_dominated | O2: My_Obj_Val | P2: My_Time_s | Q2: My_TS_Val | R2: my_TSTime | S2: My_HLA_Val | T2: my_fracKPTime | U2: My_HLATime | V2: My_exactTime | W2: my_labelNum | X2: my_nonlabelNum | Y2: my_CBfathomedlabelNum | Z2: my_dominatedlabelNum | AA2: non-dominated | AB2: My_Obj_Val | AC2: My_Time_s | AD2: My_TS_Val | AE2: my_TSTime | AF2: My_HLA_Val | AG2: my_fracKPTime | AH2: My_HLATime | AI2: My_exactTime | AJ2: my_labelNum | AK2: my_nonlabelNum | AL2: my_CBfathomedlabelNum | AM2: my_dominatedlabelNum | AN2: non-dominated
A3: RP_ICR_N-100_I-0_R-0.95 | B3: 2804 | C3: 0.034 | D3: 2783 | E3: 0.001 | F3: 2804 | G3: 0.002 | H3: 0.012 | I3: 0.013 | J3: 57360 | K3: 2 | L3: 4716 | M3: 24205 | N3: =J3-(L3+M3) -> 28439 | O3: 2804 | P3: 0.024 | Q3: 2783 | R3: 0.001 | S3: 0 | T3: 0.002 | U3: 0 | V3: 0.018 | W3: 76535 | X3: 2 | Y3: 4722 | Z3: 33935 | AA3: =W3-(Y3+Z3) -> 37878 | AB3: 2804 | AC3: 0.035 | AD3: 0 | AE3: 0 | AF3: 2804 | AG3: 0.002 | AH3: 0.014 | AI3: 0.013 | AJ3: 57360 | AK3: 2 | AL3: 4716 | AM3: 24205 | AN3: =AJ3-(AL3+AM3) -> 28439
A4: RP_ICR_N-100_I-0_R-0.99 | B4: 2672 | C4: 0.068 | D4: 2641 | E4: 0.001 | F4: 2672 | G4: 0.002 | H4: 0.014 | I4: 0.047 | J4: 179984 | K4: 2 | L4: 15908 | M4: 76712 | N4: =J4-(L4+M4) -> 87364 | O4: 2672 | P4: 0.061 | Q4: 2641 | R4: 0.001 | S4: 0 | T4: 0.002 | U4: 0 | V4: 0.053 | W4: 195783 | X4: 2 | Y4: 14983 | Z4: 85653 | AA4: =W4-(Y4+Z4) -> 95147 | AB4: 2672 | AC4: 0.071 | AD4: 0 | AE4: 0 | AF4: 2672 | AG4: 0.002 | AH4: 0.015 | AI4: 0.047 | AJ4: 179984 | AK4: 2 | AL4: 15908 | AM4: 76712 | AN4: =AJ4-(AL4+AM4) -> 87364
A5: RP_ICR_N-100_I-1_R-0.95 | B5: 2767 | C5: 0.031 | D5: 2759 | E5: 0.001 | F5: 2767 | G5: 0.002 | H5: 0.011 | I5: 0.014 | J5: 59952 | K5: 2 | L5: 4737 | M5: 25564 | N5: =J5-(L5+M5) -> 29651 | O5: 2767 | P5: 0.024 | Q5: 2759 | R5: 0.001 | S5: 0 | T5: 0.002 | U5: 0 | V5: 0.016 | W5: 68217 | X5: 2 | Y5: 4625 | Z5: 29893 | AA5: =W5-(Y5+Z5) -> 33699 | AB5: 2767 | AC5: 0.031 | AD5: 0 | AE5: 0 | AF5: 2767 | AG5: 0.002 | AH5: 0.012 | AI5: 0.014 | AJ5: 59952 | AK5: 2 | AL5: 4737 | AM5: 25564 | AN5: =AJ5-(AL5+AM5) -> 29651
A6: RP_ICR_N-100_I-1_R-0.99 | B6: 2633 | C6: 0.063 | D6: 2598 | E6: 0.001 | F6: 2633 | G6: 0.002 | H6: 0.013 | I6: 0.041 | J6: 155778 | K6: 2 | L6: 11502 | M6: 68508 | N6: =J6-(L6+M6) -> 75768 | O6: 2633 | P6: 0.051 | Q6: 2598 | R6: 0.001 | S6: 0 | T6: 0.002 | U6: 0 | V6: 0.043 | W6: 161795 | X6: 2 | Y6: 10900 | Z6: 72140 | AA6: =W6-(Y6+Z6) -> 78755 | AB6: 2633 | AC6: 0.062 | AD6: 0 | AE6: 0 | AF6: 2633 | AG6: 0.002 | AH6: 0.013 | AI6: 0.041 | AJ6: 155778 | AK6: 2 | AL6: 11502 | AM6: 68508 | AN6: =AJ6-(AL6+AM6) -> 75768
A7: RP_ICR_N-100_I-2_R-0.95 | B7: 2778 | C7: 0.036 | D7: 2722 | E7: 0.001 | F7: 2778 | G7: 0.002 | H7: 0.013 | I7: 0.014 | J7: 59413 | K7: 2 | L7: 5732 | M7: 24935 | N7: =J7-(L7+M7) -> 28746 | O7: 2778 | P7: 0.036 | Q7: 2722 | R7: 0.001 | S7: 0 | T7: 0.002 | U7: 0 | V7: 0.027 | W7: 105238 | X7: 2 | Y7: 5676 | Z7: 48470 | AA7: =W7-(Y7+Z7) -> 51092 | AB7: 2778 | AC7: 0.035 | AD7: 0 | AE7: 0 | AF7: 2778 | AG7: 0.002 | AH7: 0.014 | AI7: 0.014 | AJ7: 59413 | AK7: 2 | AL7: 5732 | AM7: 24935 | AN7: =AJ7-(AL7+AM7) -> 28746
A8: RP_ICR_N-100_I-2_R-0.99 | B8: 2638 | C8: 0.102 | D8: 2631 | E8: 0.001 | F8: 2638 | G8: 0.002 | H8: 0.015 | I8: 0.079 | J8: 232517 | K8: 2 | L8: 13009 | M8: 105567 | N8: =J8-(L8+M8) -> 113941 | O8: 2638 | P8: 0.089 | Q8: 2631 | R8: 0.001 | S8: 0 | T8: 0.002 | U8: 0 | V8: 0.081 | W8: 236849 | X8: 2 | Y8: 12817 | Z8: 107976 | AA8: =W8-(Y8+Z8) -> 116056 | AB8: 2638 | AC8: 0.101 | AD8: 0 | AE8: 0 | AF8: 2638 | AG8: 0.002 | AH8: 0.015 | AI8: 0.079 | AJ8: 232517 | AK8: 2 | AL8: 13009 | AM8: 105567 | AN8: =AJ8-(AL8+AM8) -> 113941
A9: RP_ICR_N-100_I-3_R-0.95 | B9: 2428 | C9: 0.029 | D9: 2427 | E9: 0.001 | F9: 2428 | G9: 0.002 | H9: 0.009 | I9: 0.012 | J9: 52499 | K9: 2 | L9: 4068 | M9: 23009 | N9: =J9-(L9+M9) -> 25422 | O9: 2428 | P9: 0.02 | Q9: 2427 | R9: 0.001 | S9: 0 | T9: 0.002 | U9: 0 | V9: 0.013 | W9: 53339 | X9: 2 | Y9: 4036 | Z9: 23473 | AA9: =W9-(Y9+Z9) -> 25830 | AB9: 2428 | AC9: 0.032 | AD9: 0 | AE9: 0 | AF9: 2428 | AG9: 0.002 | AH9: 0.011 | AI9: 0.012 | AJ9: 52499 | AK9: 2 | AL9: 4068 | AM9: 23009 | AN9: =AJ9-(AL9+AM9) -> 25422
A10: RP_ICR_N-100_I-3_R-0.99 | B10: 2287 | C10: 0.051 | D10: 2245 | E10: 0.001 | F10: 2287 | G10: 0.002 | H10: 0.013 | I10: 0.032 | J10: 127549 | K10: 2 | L10: 6979 | M10: 57823 | N10: =J10-(L10+M10) -> 62747 | O10: 2287 | P10: 0.038 | Q10: 2245 | R10: 0.001 | S10: 0 | T10: 0.002 | U10: 0 | V10: 0.033 | W10: 129206 | X10: 2 | Y10: 6893 | Z10: 58743 | AA10: =W10-(Y10+Z10) -> 63570 | AB10: 2287 | AC10: 0.049 | AD10: 0 | AE10: 0 | AF10: 2287 | AG10: 0.002 | AH10: 0.013 | AI10: 0.032 | AJ10: 127549 | AK10: 2 | AL10: 6979 | AM10: 57823 | AN10: =AJ10-(AL10+AM10) -> 62747
A11: RP_ICR_N-100_I-4_R-0.95 | B11: 2557 | C11: 0.027 | D11: 2513 | E11: 0.001 | F11: 2557 | G11: 0.002 | H11: 0.011 | I11: 0.01 | J11: 45027 | K11: 2 | L11: 3936 | M11: 19447 | N11: =J11-(L11+M11) -> 21644 | O11: 2557 | P11: 0.022 | Q11: 2513 | R11: 0.001 | S11: 0 | T11: 0.002 | U11: 0 | V11: 0.013 | W11: 60262 | X11: 2 | Y11: 3707 | Z11: 27350 | AA11: =W11-(Y11+Z11) -> 29205 | AB11: 2557 | AC11: 0.029 | AD11: 0 | AE11: 0 | AF11: 2557 | AG11: 0.002 | AH11: 0.011 | AI11: 0.01 | AJ11: 45027 | AK11: 2 | AL11: 3936 | AM11: 19447 | AN11: =AJ11-(AL11+AM11) -> 21644
A12: RP_ICR_N-100_I-4_R-0.99 | B12: 2422 | C12: 0.043 | D12: 2366 | E12: 0.001 | F12: 2422 | G12: 0.002 | H12: 0.013 | I12: 0.024 | J12: 99463 | K12: 2 | L12: 7478 | M12: 43333 | N12: =J12-(L12+M12) -> 48652 | O12: 2422 | P12: 0.031 | Q12: 2366 | R12: 0.001 | S12: 0 | T12: 0.002 | U12: 0 | V12: 0.025 | W12: 102021 | X12: 2 | Y12: 7336 | Z12: 44807 | AA12: =W12-(Y12+Z12) -> 49878 | AB12: 2422 | AC12: 0.044 | AD12: 0 | AE12: 0 | AF12: 2422 | AG12: 0.002 | AH12: 0.013 | AI12: 0.024 | AJ12: 99463 | AK12: 2 | AL12: 7478 | AM12: 43333 | AN12: =AJ12-(AL12+AM12) -> 48652
A13: RP_ICR_N-400_I-0_R-0.95 | B13: 10493 | C13: 0.333 | D13: 10488 | E13: 0.013 | F13: 10493 | G13: 0.038 | H13: 0.133 | I13: 0.143 | J13: 658027 | K13: 2 | L13: 17061 | M13: 316412 | N13: =J13-(L13+M13) -> 324554 | O13: 10493 | P13: 0.205 | Q13: 10488 | R13: 0.013 | S13: 0 | T13: 0.038 | U13: 0 | V13: 0.149 | W13: 690522 | X13: 2 | Y13: 17123 | Z13: 332722 | AA13: =W13-(Y13+Z13) -> 340677 | AB13: 10493 | AC13: 0.417 | AD13: 0 | AE13: 0 | AF13: 10493 | AG13: 0.038 | AH13: 0.228 | AI13: 0.146 | AJ13: 658027 | AK13: 2 | AL13: 17061 | AM13: 316412 | AN13: =AJ13-(AL13+AM13) -> 324554
A14: RP_ICR_N-400_I-0_R-0.99 | B14: 10198 | C14: 1.236 | D14: 10149 | E14: 0.013 | F14: 10198 | G14: 0.038 | H14: 0.239 | I14: 0.943 | J14: 3036810 | K14: 2 | L14: 56615 | M14: 1475026 | N14: =J14-(L14+M14) -> 1505169 | O14: 10198 | P14: 1.159 | Q14: 10149 | R14: 0.013 | S14: 0 | T14: 0.038 | U14: 0 | V14: 1.102 | W14: 3412937 | X14: 2 | Y14: 55775 | Z14: 1664428 | AA14: =W14-(Y14+Z14) -> 1692734 | AB14: 10198 | AC14: 1.232 | AD14: 0 | AE14: 0 | AF14: 10198 | AG14: 0.037 | AH14: 0.26 | AI14: 0.928 | AJ14: 3036810 | AK14: 2 | AL14: 56615 | AM14: 1475026 | AN14: =AJ14-(AL14+AM14) -> 1505169
... A122: RP_SCU_N-900_I-4_R-0.99 | B122: 27615 | C122: 92.403 | D122: 27354 | E122: 0.06 | F122: 27609 | G122: 0.177 | H122: 3.302 | I122: 88.856 | J122: 76057112 | K122: 459 | L122: 297638 | M122: 37834979 | N122: =J122-(L122+M122) -> 37924495 | O122: 27615 | P122: 77.839 | Q122: 27354 | R122: 0.06 | S122: 0 | T122: 0.177 | U122: 0 | V122: 77.599 | W122: 77859720 | X122: 459 | Y122: 188776 | Z122: 38806917 | AA122: =W122-(Y122+Z122) -> 38864027 | AB122: 27615 | AC122: 89.236 | AD122: 0 | AE122: 0 | AF122: 27609 | AG122: 0.177 | AH122: 3.507 | AI122: 85.544 | AJ122: 76057112 | AK122: 459 | AL122: 297638 | AM122: 37834979 | AN122: =AJ122-(AL122+AM122) -> 37924495
